2015,"['jardim', 'vida', 'pega', 'flor', 'abelha', 'lagarta', 'taturana', 'pra', 'lacrar', 'ainda', 'sai', 'correndo', 'cai', 'formigueiro']"
2018,"['come', 'caga', 'espera', 'pacientemente', 'dia', 'vou', 'lacrar', 'amei', 'tirei', 'lagarta']"
2019,"['mariadorosario', 'lagarta', 'oculos', 'tentando', 'lacrar', 'visao', 'cega', 'nao', 'capaz', 'parar', 'fazer', 'comicio', 'velorio', 'nao', 'poupou', 'neto', 'chefe', 'bando']"
2016,"['ivetesangalo', 'papai', 'rainha', 'cantora', 'bahia', 'bloco', 'coruja', 'broca', 'todos', 'quesitos', 'nome', 'lacrar', 'ivete']"
2020,"['noancrf', 'alexcrfla', 'broca', 'ficou', 'tao', 'puto', 'ontem', 'ate', 'botado', 'cara', 'foto', 'perfil', 'ate', 'fiquei', 'maluco', 'fdp', 'ctz', 'tentou', 'lacrar', 'pra', 'surfar', 'onda', 'campanha', 'bombando']"
2020,"['jefissu', 'lacrar', 'ate', 'matando', 'broca']"
2020,"['alexcrfla', 'felipeneto', 'broca', 'colete', 'prova', 'balas', 'entra', 'tiroteio', 'voce', 'nao', 'ficaria', 'preocupado', 'acredito', 'sim', 'porque', 'nao', 'areas', 'podem', 'afetadas', 'mascara', 'relaçao', 'covid', 'mesma', 'coisa', 'tentar', 'lacrar', 'usa', 'pouco', 'cerebro']"
2021,"['vanessakelcey', 'acho', 'começou', 'errado', 'suposto', 'humano', 'broca', 'posta', 'coisas', 'zoeira', 'vezes', 'acho', 'falou', 'algo', 'boa', 'dessa', 'vez', 'pra', 'pessoas', 'realmente', 'pudessem', 'debater', 'colocar', 'opinioes', 'ideias', 'forma', 'sensata', 'respeito', 'querer', 'lacrar', 'tudo']"
2021,"['pior', 'lembrar', 'broca', 'bahia', 'brigando', 'nao', 'cair', 'ganhava', 'perdia', 'vale', 'lacrar']"
2021,"['renatoliniker', 'flaatemorrer', 'venecasagrande', 'começou', 'tentar', 'lacrar', 'falando', 'nao', 'seguia', 'vene', 'broca', 'achou', 'uns', 'tuites', 'babando', 'ovo', 'vene', 'logo', 'apagou']"
2021,"['serio', 'johnny', 'main', 'rapper', 'tudo', 'bem', 'melhores', 'ruim', 'taeyong', 'vei', 'vai', 'foder', 'bom', 'enfia', 'broca', 'destroi', 'vai', 'querer', 'lacrar', 'hitar', 'casa', 'caralho']"
2022,"['querer', 'lacrar', 'perder', 'japao', 'broca']"
2022,"['italopetraglia', 'enquanto', 'faz', 'twitte', 'pra', 'lacrar', 'net', 'pedreiro', 'abrindo', 'broca', 'cavadeira', 'deve', 'pensando', 'alguma', 'muie', 'chorando', 'causa']"
2022,"['tabataamaralsp', 'cara', 'broca', 'todas', 'sabatinas', 'debates', 'entrevistas', 'vem', 'espertona', 'esquerda', 'procurar', 'literalmente', 'ovo', 'ainda', 'postando', 'algo', 'lacrar', 'induzir', 'indecisos', 'ignorantes', 'colocar', 'boco', 'dedos', 'poder', 'desinformaçao', 'vcs', 'msm']"
2022,"['alexcrf', 'leandroconsi', 'futebol', 'info', 'calma', 'broca', 'quer', 'lacrar']"
2022,"['nunca', 'vou', 'levar', 'serio', 'tenta', 'lacrar', 'chamando', 'favs', 'racistas', 'voces', 'tomar', 'meio', 'broca', 'ferrar', 'todo', 'mundo', 'tambem', 'tchau']"
2022,"['edutwitta', 'passasse', 'fome', 'outros', 'dias', 'comia', 'ovos', 'pao', 'todo', 'mundo', 'iam', 'passar', 'fome', 'tudo', 'junto', 'querem', 'lacrar', 'lacrem', 'passando', 'broca']"
2022,"['iam', 'icaro', 'imperiorenault', 'felipeprior', 'splash', 'uol', 'uolnoticias', 'ngm', 'quer', 'lacrar', 'mano', 'nao', 'opiniao', 'sobre', 'jogo', 'sim', 'opiniao', 'sobre', 'pessoa', 'lambe', 'menos', 'broca', 'agora', 'joga', 'tray', 'joga', 'joga']"
2019,"['ver', 'liberal', 'querendo', 'lacrar', 'usando', 'mesma', 'dependencia', 'estatal', 'pregada', 'socialistas', 'demais', 'ora', 'bolas', 'carambola', 'impedindo', 'ler', 'quer', 'entao', 'podem', 'ler', 'estado', 'pagar', 'liberal', 'tudo', 'camaleao']"
2021,"['artzphale', 'coloca', 'carambola', 'entao', 'vai', 'lacrar', 'tanto']"
2022,"['bolsonarosp', 'carambola', 'duas', 'vezes', 'eduardo', 'nao', 'explorar', 'tema', 'lacraçao', 'entendi', 'quis', 'dizer', 'pessoas', 'usam', 'ditas', 'minorias', 'lacrar', 'apesar', 'mulheres', 'serem', 'maioria', 'pessoas', 'estao', 'levando', 'fala', 'desqualificaçao', 'mulher', 'nao']"
2022,"['menininhatoxica', 'exatamente', 'fruta', 'excesso', 'pode', 'problema', 'sim', 'nao', 'adequaçao', 'habitos', 'saude', 'rotina', 'fala', 'pra', 'renal', 'cronico', 'comer', 'carambola', 'saudavel', 'pra', 'ver', 'toxica', 'pro', 'rim', 'enfim', 'povo', 'quer', 'lacrar', 'todo', 'jeito']"
2014,"['demi', 'fizer', 'musica', 'igual', 'heart', 'heart', 'filme', 'the', 'mortal', 'vai', 'lacrar']"
2014,"['marcello', 'queridinho', 'faça', 'favor', 'virar', 'mortal', 'costas', 'beijar', 'fausto', 'preciso', 'pra', 'lacrar', 'samba']"
2015,"['digo', 'coisaso', 'digo', 'prova', 'fogo', 'veio', 'lacrar', 'digo', 'maiscura', 'mortal', 'tambem', 'vai', 'lacrar', 'mesparaprovadefogo']"
2015,"['sorrymas', 'sempre', 'vou', 'ler', 'mortal', 'instruments', 'imaginar', 'cast', 'filme', 'admitir', 'msm', 'atoresserie', 'vai', 'lacrar', 'littleclary']"
2015,"['problema', 'filme', 'mts', 'cenas', 'cura', 'mortal', 'sei', 'vai', 'lacrar', 'assim']"
2015,"['personagem', 'mortal', 'kombat', 'chamado', 'love', 'cujo', 'fatality', 'lacrar', 'inimigas', 'lovewins']"
2015,"['britney', 'dando', 'mortal', 'morte', 'vem', 'lacrar', 'tudo', 'caralhooooo']"
2015,"['dai', 'deu', 'mortal', 'dois', 'carpados', 'quatro', 'piruetas', 'antes', 'lacrar']"
2015,"['maze', 'runner', 'lacrou', 'prova', 'fogo', 'vai', 'lacrar', 'cura', 'mortal', 'vai', 'acabar', 'todos', 'forninhos', 'votethomasmtv']"
2015,"['the', 'mortal', 'instruments', 'vai', 'ter', 'lacrar', 'serie']"
2015,"['mortal', 'kombat', 'vai', 'lacrar']"
2015,"['vou', 'tomar', 'banho', 'decidir', 'vou', 'lacrar', 'boate', 'vou', 'lacrar', 'netflix', 'vou', 'lacrar', 'mortal', 'kombat', 'vizinho']"
2015,"['deusa', 'voltou', 'lacrar', 'mundo', 'mortal']"
2015,"['amanha', 'vou', 'lacrar', 'nessa', 'humanidade', 'hoje', 'mero', 'mortal', 'vai', 'ficar', 'casa', 'super', 'bock']"
2015,"['kung', 'jim', 'primeiro', 'personagem', 'ira', 'lacrar', 'mortal', 'kombat']"
2017,"['adoro', 'fudida', 'preguiça', 'mortal', 'desse', 'desespero', 'todo', 'lacrar', 'twitter', 'entra', 'mandar', 'shade', 'zzzz', 'ego', 'pessoa']"
2017,"['jamais', 'entenderei', 'necessidade', 'quase', 'mortal', 'pessoa', 'lacrar', 'constantemente']"
2017,"['heylaes', 'raphodac', 'pode', 'lacrar', 'destruir', 'arrasar', 'dar', 'mortal', 'costa', 'etc', 'acho', 'complicado', 'chamar', 'mulher']"
2017,"['aula', 'hoje', 'doria', 'ensinou', 'lacrar', 'lacradores', 'ainda', 'resolver', 'problemas', 'video', 'padrao', 'duplo', 'mortal', 'twist', 'carpado', 'internetico']"
2018,"['pessoas', 'preocupam', 'excesso', 'diagnostico', 'problema', 'real', 'falta', 'tratamento', 'caso', 'problema', 'mortal', 'lacrar', 'final', 'verdade']"
2018,"['manoo', 'odio', 'mortal', 'pra', 'gente', 'quer', 'lacrar', 'tempo', 'todo']"
2018,"['imvictorres', 'oihugofarias', 'stanleyviana', 'manueladavila', 'ofensa', 'hetero', 'cristo', 'pecado', 'mortal', 'gente', 'victoria', 'condenando', 'acha', 'lacrando', 'burra', 'quero', 'ver', 'infernose', 'vai', 'continuar', 'querendo', 'lacrar']"
2018,"['famosa', 'necessidade', 'quase', 'mortal', 'lacrar']"
2018,"['scastro', 'laura', 'olha', 'nao', 'sabe', 'escrever', 'nome', 'personagem', 'direito', 'quer', 'lacrar', 'muahahahahaah', 'gente', 'falando', 'mortal', 'kombat', 'certo']"
2018,"['miriamleitaocom', 'especialista', 'generica', 'palpiteira', 'global', 'entende', 'tudo', 'economia', 'diplomacia', 'comercio', 'exterior', 'tentou', 'lacrar', 'sobre', 'desmatamento', 'ministro', 'meio', 'ambiente', 'levou', 'invertida', 'mortal', 'quero', 'ver', 'cara', 'cara', 'ernestofaraujo', 'sera', 'historico']"
2018,"['queria', 'mortal', 'kombat', 'armageddon', 'todos', 'personagens', 'jogaveis', 'todos', 'pra', 'lacrar', 'porra', 'toda', 'raio', 'fatality', 'brutality', 'animality', 'friendship', 'babality', 'mortalkombat', 'gamer']"
2018,"['garoto', 'mortal', 'nao', 'coisa', 'melhor', 'enquanto', 'pessoal', 'fica', 'matando', 'pra', 'ver', 'certo', 'errado', 'dois', 'ganham', 'rios', 'dinheiro', 'tantas', 'coisas', 'pro', 'povo', 'preocupar', 'verdade', 'fica', 'matando', 'querendo', 'lacrar', 'cima', 'vou', 'trabalhar', 'viver', 'vida', 'melhor', 'faço']"
2018,"['odio', 'mortal', 'haddad', 'vou', 'lacrar', 'ate', 'afundar']"
2018,"['abuso', 'mortal', 'gente', 'rica', 'branca', 'morando', 'exterior', 'dando', 'proletariado', 'rede', 'social', 'pra', 'lacrar']"
2018,"['ancapslock', 'olhas', 'comentarios', 'esquerdistas', 'pqp', 'tudo', 'bando', 'gado', 'animal', 'caralho', 'odio', 'mortal', 'cara', 'acha', 'lacrar', 'gera', 'renda']"
2019,"['delarabru', 'nao', 'juiz', 'portanto', 'açao', 'policial', 'nao', 'mesma', 'visao', 'alias', 'pergunte', 'onibus', 'inves', 'lacrar', 'atirador', 'elite', 'atira', 'ameaças', 'potencial', 'bandido', 'nao', 'quisesse', 'oferecer', 'ameaça', 'nao', 'feito', 'brinquedo', 'instrumento', 'mortal']"
2019,"['midias', 'convencionais', 'ficam', 'monitorando', 'falas', 'presidente', 'maioria', 'tiram', 'contesto', 'tentar', 'lacrar', 'ate', 'agora', 'nao', 'divulgarem', 'aqui', 'nao', 'vou', 'dizer', 'governo', 'nao', 'vai', 'ter', 'corrupçao', 'praticar', 'vai', 'levar', 'voadeira', 'mortal']"
2019,"['senadorhumberto', 'tornou', 'normal', 'vcs', 'apoderarem', 'cadaveres', 'ajudar', 'narrativa', 'imunda', 'vcs', 'desejou', 'mal', 'outro', 'acabou', 'esquecendo', 'mortal', 'igual', 'todos', 'triste', 'querer', 'lacrar', 'morte', 'canalha']"
2019,"['yas', 'monteiroo', 'hoje', 'dia', 'geral', 'quer', 'saber', 'lacrar', 'prol', 'ideologia', 'vezes', 'esquecem', 'usar', 'racionalismo', 'tratam', 'tudo', 'guerra', 'mortal', 'emite', 'opiniao', 'difere', 'escrachado']"
2019,"['cellecaramba', 'pior', 'desenformado', 'desenformado', 'forma', 'falando', 'atrocidade', 'lacrar', 'branco', 'cisgenero', 'hetero', 'virou', 'pecado', 'mortal', 'desinformados', 'doutrinados', 'promovem', 'preconceito', 'ceus']"
2019,"['bebe', 'usar', 'força', 'pra', 'levantar', 'rinoceronte', 'luke', 'treinar', 'semana', 'yoda', 'dando', 'mortal', 'levitando', 'pedra', 'lutar', 'darth', 'vader', 'boa', 'rey', 'nao', 'mano', 'nada', 'ver', 'issae', 'tao', 'querendo', 'lacrar', 'mina', 'aew', 'manow']"
2019,"['opropriolavo', 'xiiii', 'opropriolavo', 'ainda', 'bem', 'falando', 'issose', 'simples', 'mortal', 'afffmeia', 'duzia', 'iriam', 'começar', 'lacrar', 'isentao', 'comunista', 'etc', 'sera', 'vao', 'chamar', 'tambem']"
2019,"['dantetvg', 'devil', 'may', 'cry', 'resident', 'evil', 'remake', 'mortal', 'kombat', 'precisam', 'parar', 'lacrar', 'unicos', 'jogos', 'comprei', 'ano', 'infelizmente', 'arrisco', 'dizer', 'code', 'vein', 'crash', 'team', 'racing', 'bloodstained', 'tambem', 'entrariam', 'pra', 'lista']"
2019,"['thiferrei', 'jornaloglobo', 'frase', 'bem', 'bonita', 'lacrar', 'redes', 'sociais', 'forma', 'pessoas', 'usam', 'pode', 'tornar', 'arma', 'mortal', 'nao', 'resolver', 'nada']"
2019,"['regra', 'lacrar', 'internet', 'fato', 'pode', 'culpar', 'bolsonaro', 'vamos', 'fazer', 'alarde', 'redes', 'sociais', 'culpa', 'esquerda', 'silencio', 'mortal']"
2019,"['uol', 'pra', 'mortal', 'caras', 'sao', 'piada', 'estao', 'ligados', 'aparelho', 'respiratorio', 'ainda', 'vem', 'querer', 'lacrar', 'puta', 'brasil']"
2019,"['eutsudani', 'lugar', 'gays', 'colocarem', 'lugar', 'outra', 'uniremtalvez', 'trazer', 'esclarecimentoexplicar', 'chamar', 'outra', 'congersar', 'preferem', 'fazer', 'chacota', 'pra', 'lacrar', 'internet', 'preguiça', 'mortal', 'dessa', 'turminha', 'sente', 'superior', 'certo', 'nivel', 'esclarecimento']"
2019,"['eutento', 'verdade', 'diferenciaçao', 'sendo', 'criada', 'agora', 'nao', 'tenta', 'inverter', 'lacrar', 'jovem', 'criar', 'lei', 'pra', 'caracterizar', 'crime', 'racismo', 'sim', 'opiniao', 'deste', 'mortal', 'exagero']"
2019,"['tento', 'lacrar', 'voce', 'faz', 'dou', 'mortal', 'lacro', 'tras']"
2019,"['guganoblat', 'momento', 'pessoa', 'vai', 'tanta', 'sede', 'pote', 'escrever', 'algo', 'pensando', 'lacrar', 'nao', 'preparou', 'quis', 'fazer', 'mortal', 'duplo', 'carpado', 'cai', 'barriga', 'agua']"
2019,"['odio', 'mortal', 'gente', 'quer', 'lacrar', 'todo', 'custo', 'entao', 'fica', 'procurando', 'merda', 'onde', 'nao', 'pra', 'criticar', 'dizer', 'dona', 'sabedoria', 'sendo', 'pessoa', 'cuzona', 'bbk', 'hipocrita', 'caralho']"
2019,"['cade', 'amiguinhos', 'gosta', 'fazer', 'textao', 'golpiii', 'aqui', 'brasil', 'governo', 'socialista', 'aqui', 'regiao', 'prendendooprimindomatandoe', 'perseguindoiai', 'vamos', 'lacrar', 'textaoou', 'silencio', 'mortal', 'continuara', 'uniaodaesquerdaja']"
2019,"['nathalyf', 'estao', 'tentando', 'lacrar', 'alvo', 'errado', 'contra', 'ataque', 'lobaoeletrico', 'mortal']"
2019,"['craiskc', 'pouco', 'odio', 'mortal', 'impediu', 'planos', 'pra', 'lacrar', 'internet']"
2019,"['tiro', 'mortal', 'coraçao', 'band', 'reinaldo', 'julga', 'maior', 'emissoras', 'trabalhou', 'abra', 'olho', 'direçao', 'emissora', 'reinaldo', 'tentou', 'lacrar', 'lascou', 'bandtv']"
2019,"['thcosenza', 'queria', 'entender', 'onde', 'surgiu', 'odio', 'mortal', 'homens', 'pra', 'lacrar', 'vida', 'real', 'deve', 'lamber', 'ate']"
2019,"['leandroruschel', 'lacrar', 'fudeu', 'comentario', 'aduziu', 'desempregado', 'aqui', 'vive', 'melhor', 'empregado', 'venezuela', 'stage', 'fatality', 'mortal', 'kombat']"
2020,"['iothbrokthrone', 'ayresyousure', 'sabrinarafa', 'nerdboomer', 'nao', 'pessoa', 'compra', 'god', 'war', 'mortal', 'kombat', 'nao', 'quer', 'saber', 'porra', 'feminismo', 'consciencia', 'negra', 'quer', 'ver', 'porrada', 'sangue', 'exatamente', 'falei', 'nao', 'porque', 'mulher', 'produçao', 'significa', 'vao', 'lacrar', 'pessoal', 'precipitou', 'demais']"
2020,"['rodrigogiacomet', 'mae', 'negro', 'sei', 'bem', 'segurança', 'mercado', 'ficar', 'observando', 'filho', 'longe', 'pedir', 'pra', 'colocar', 'mochila', 'saco', 'entrada', 'lacrar', 'sobe', 'gana', 'mortal', 'pior', 'adolescente', 'anos', 'conta']"
2020,"['cristianopeix', 'pedrohmvn', 'consientizar', 'pessoas', 'pra', 'nao', 'pegarem', 'virus', 'mortal', 'matou', 'mil', 'pessoas', 'pais', 'lacrar', 'sim', 'continua', 'nesse', 'caminho', 'msm']"
2020,"['esquerda', 'expert', 'vez', 'sabiam', 'fingir', 'importavam', 'pobres', 'esconder', 'odio', 'mortal', 'cristianismo', 'perderam', 'resolveram', 'lacrar', 'azar', 'perderam', 'qualquer', 'chance', 'gerar', 'identificaçao', 'pessoas', 'ganhar', 'alguma', 'eleiçao']"
2020,"['giacohique', 'jrledu', 'coronaconserva', 'estadao', 'acho', 'coisas', 'sao', 'obvias', 'demais', 'afim', 'lacrar', 'afastamento', 'evita', 'transmissao', 'virus', 'potencialmente', 'mortal', 'parte', 'nao', 'entendeu', 'quanto', 'gente', 'junto', 'risco', 'transmissao', 'mortes', 'simples']"
2020,"['abgferreira', 'dadacoelho', 'causar', 'infecçao', 'potencialmente', 'mortal', 'nao', 'deslize', 'vai', 'lacrar', 'outro', 'lugar']"
2020,"['nao', 'problema', 'discorda', 'mim', 'algo', 'odio', 'mortal', 'discorda', 'somente', 'pra', 'lacrar', 'tentar', 'sair', 'cima', 'nao']"
2020,"['diria', 'saudoso', 'saulo', 'ramos', 'senhor', 'nesse', 'momento', 'onde', 'ocaso', 'realidade', 'elemento', 'tenta', 'lacrar', 'cima', 'homem', 'nutre', 'odio', 'mortal']"
2020,"['menino', 'aqui', 'milita', 'sobre', 'absolutamente', 'tudo', 'entrei', 'conta', 'pra', 'ver', 'tava', 'militando', 'sobre', 'ocorrido', 'silencio', 'mortal', 'ver', 'segue', 'gata', 'segue', 'seguido', 'enfim', 'militancia', 'seletiva', 'jovem', 'twitteiro', 'quer', 'lacrar']"
2020,"['edito', 'tratamento', 'pele', 'vem', 'demi', 'lacrar', 'mim', 'dou', 'dois', 'mortal', 'tras']"
2020,"['soueumaeli', 'porra', 'fala', 'odio', 'mortal', 'desse', 'merda', 'vida', 'baseada', 'lacrar', 'pra', 'promover', 'politicamente', 'bando', 'retardado', 'ainda', 'concorda', 'filho', 'puta', 'noticia', 'terrivel', 'nesse', 'dia', 'merda']"
2020,"['odio', 'mortal', 'palavra', 'lacrar']"
2020,"['raphaelrezende', 'olha', 'nao', 'vem', 'lacrar', 'flamengo', 'essse', 'pessoal', 'globo', 'lixo', 'vem', 'criticar', 'acontece', 'inimigo', 'mortal', 'delesflamengo', 'outro', 'clube', 'paralisava', 'tudo', 'alguns', 'jogos', 'motivos', 'obviosquestao', 'saude', 'publica', 'segurança', 'quer', 'quer', 'jogo']"
2020,"['megalopolitano', 'alem', 'matematica', 'portugues', 'desgastado', 'tambem', 'hein', 'correto', 'compraram', 'nao', 'importa', 'importante', 'lacrar', 'comprei', 'carro', 'dinheiro', 'vivo', 'apenas', 'reles', 'mortal', 'fez', 'contas', 'realmente', 'deitou', 'dormiu']"
2020,"['brunoformiga', 'ate', 'achando', 'normal', 'expor', 'monte', 'gente', 'virus', 'mortal', 'pra', 'lacrar', 'twitter', 'praticamente', 'minion', 'defesa', 'interesses']"
2020,"['wevertonrocha', 'vergonha', 'senador', 'deve', 'ter', 'inveja', 'mortal', 'presidente', 'coisa', 'nunca', 'vai', 'deus', 'quiser', 'nao', 'adianta', 'vir', 'lacrar', 'aqui', 'senador', 'nao', 'faz', 'nada', 'ajudar', 'povo', 'votou', 'sabe', 'atacar', 'presidente']"
2020,"['tentou', 'lacrar', 'ferrou', 'mulher', 'nao', 'quer', 'bem', 'brasil', 'quer', 'demeritar', 'eleito', 'lutando', 'heroi', 'ainda', 'bom', 'lembrar', 'sobreviveu', 'facada', 'mortal', 'cara', 'desses', 'outro', 'tipo', 'visao', 'vida', 'deus', 'proteja', 'ilumine', 'capitao']"
2020,"['nao', 'meio', 'esteriotipo', 'acho', 'intuito', 'parkour', 'dar', 'mortal', 'pular', 'obstaculos', 'nao', 'acho', 'errado', 'inclusao', 'problema', 'dizer', 'essencia', 'parada', 'esteriotipo', 'pra', 'poder', 'lacrar']"
2020,"['marinasilva', 'projeto', 'acabar', 'tudo', 'assim', 'entregar', 'pra', 'iniciativa', 'privada', 'nao', 'esforço', 'pra', 'fazer', 'algo', 'minimamente', 'bem', 'nao', 'interesse', 'cade', 'oposiçao', 'fazendo', 'algota', 'igual', 'gente', 'aqui', 'reles', 'mortal', 'tentando', 'fazer', 'ouvir', 'lacrar', 'redes', 'sociais', 'pessimo']"
2020,"['pessoas', 'odeiam', 'nada', 'supera', 'babam', 'louvam', 'clube', 'clube', 'coraçao', 'lacrar', 'odio', 'mortal']"
2020,"['juli', 'stos', 'dei', 'palco', 'pra', 'ninguem', 'dei', 'furo', 'apenas', 'veio', 'lacrar', 'nao', 'simples', 'mortal']"
2020,"['agabipaganini', 'carloszarattini', 'lacrar', 'vida', 'pessoas', 'mortas', 'destruidas', 'drone', 'mortal', 'assim', 'agiu', 'navio', 'americano', 'matou', 'pessoas', 'atirando', 'missel', 'navio', 'ira', 'tds', 'dizem', 'cristaos', 'muçulmanos', 'espiritos', 'luz', 'adoram', 'armas', 'consequencias']"
2020,"['allansylvas', 'preconceituoso', 'querer', 'lacrar', 'chegaria', 'perto', 'alguem', 'veio', 'epicentro', 'epdemia', 'mortal', 'poupe']"
2020,"['joneyc', 'uolnoticias', 'melhor', 'ministro', 'educaçao', 'pode', 'dizer', 'imprecionante', 'simples', 'mortal', 'nao', 'posso', 'errar', 'sera', 'considera', 'tao', 'intelijente', 'quanto', 'tentou', 'lacrar', 'lacrou', 'errado']"
2020,"['carloscezarcjr', 'lacrar', 'contra', 'simples', 'mortal', 'inocente', 'complicado', 'imagina', 'lacrar', 'contra', 'deus', 'quer', 'saber', 'nao', 'quero', 'ver', 'mundo', 'feito', 'perfeitamente', 'correto', 'erros', 'sao', 'ninguem', 'vai', 'sair', 'buteco', 'vida', 'devendo', 'colhemos', 'frutos', 'plantamos', 'pense']"
2020,"['difamaçao', 'pecado', 'mortal', 'voce', 'denigre', 'imagem', 'alguem', 'especifico', 'manchando', 'boa', 'fama', 'pessoa', 'tipo', 'gente', 'faz', 'comigo', 'falar', 'caso', 'generalizado', 'real', 'nao', 'expressa', 'indica', 'ninguem', 'especifico', 'nao', 'difamaçao', 'facil', 'lacrar']"
2020,"['twitter', 'resumido', 'poucas', 'palavras', 'serve', 'tambem', 'pra', 'grupos', 'whatsapp', 'sempre', 'mortadela', 'minion', 'querendo', 'lacrar', 'menos', 'parar', 'pra', 'pensar', 'dois', 'lados', 'mesma', 'moeda', 'combinaçao', 'teoria', 'realidade', 'desafio', 'mortal']"
2020,"['uolesporte', 'sera', 'quer', 'lacrar', 'maioria', 'sera', 'burro', 'repete', 'palavras', 'saber', 'fala', 'sera', 'indispondo', 'contra', 'stj', 'lembrando', 'virou', 'crime', 'mortal']"
2020,"['lelispatricia', 'pra', 'lacrar', 'vao', 'vestir', 'amarelo', 'sair', 'olhar', 'pras', 'caras', 'loucas', 'outros', 'vao', 'voltar', 'pra', 'casa', 'sensaçao', 'dever', 'patriotico', 'cumprido', 'virus', 'mortal', 'recordaçao']"
2020,"['renatojeronimo', 'allantercalivre', 'obrigadeiroreal', 'virus', 'nao', 'terra', 'plana', 'saude', 'allan', 'tentou', 'lacrar', 'pra', 'cego', 'ver', 'artigo', 'mostra', 'virus', 'menos', 'mortal', 'influenza', 'entanto', 'contagioso', 'potencial', 'estrago', 'maior', 'nao', 'acredite', 'qualquer', 'coisa', 'pense']"
2020,"['maricygaspar', 'allantercalivre', 'lilovlog', 'obrigadeiroreal', 'virus', 'nao', 'terra', 'plana', 'saude', 'allan', 'tentou', 'lacrar', 'pra', 'cego', 'ver', 'artigo', 'mostra', 'virus', 'menos', 'mortal', 'influenza', 'entanto', 'contagioso', 'potencial', 'estrago', 'maior', 'nao', 'acredite', 'qualquer', 'coisa', 'pense']"
2020,"['cristianomaltjr', 'allantercalivre', 'obrigadeiroreal', 'virus', 'nao', 'terra', 'plana', 'saude', 'allan', 'tentou', 'lacrar', 'pra', 'cego', 'ver', 'artigo', 'mostra', 'virus', 'menos', 'mortal', 'influenza', 'entanto', 'contagioso', 'potencial', 'estrago', 'maior', 'nao', 'acredite', 'qualquer', 'coisa', 'pense']"
2020,"['verddirver', 'allantercalivre', 'obrigadeiroreal', 'virus', 'nao', 'terra', 'plana', 'saude', 'allan', 'tentou', 'lacrar', 'pra', 'cego', 'ver', 'artigo', 'mostra', 'virus', 'menos', 'mortal', 'influenza', 'entanto', 'contagioso', 'potencial', 'estrago', 'maior', 'nao', 'acredite', 'qualquer', 'coisa', 'pense']"
2020,"['renatocoelho', 'allantercalivre', 'obrigadeiroreal', 'virus', 'nao', 'terra', 'plana', 'saude', 'allan', 'tentou', 'lacrar', 'pra', 'cego', 'ver', 'artigo', 'mostra', 'virus', 'menos', 'mortal', 'influenza', 'entanto', 'contagioso', 'potencial', 'estrago', 'maior', 'nao', 'acredite', 'qualquer', 'coisa', 'pense']"
2020,"['tudotedio', 'allantercalivre', 'obrigadeiroreal', 'virus', 'nao', 'terra', 'plana', 'saude', 'allan', 'tentou', 'lacrar', 'pra', 'cego', 'ver', 'artigo', 'mostra', 'virus', 'menos', 'mortal', 'influenza', 'entanto', 'contagioso', 'potencial', 'estrago', 'maior', 'nao', 'acredite', 'qualquer', 'coisa', 'pense']"
2020,"['sirleyvolpato', 'allantercalivre', 'obrigadeiroreal', 'virus', 'nao', 'terra', 'plana', 'saude', 'allan', 'tentou', 'lacrar', 'pra', 'cego', 'ver', 'artigo', 'mostra', 'virus', 'menos', 'mortal', 'influenza', 'entanto', 'contagioso', 'potencial', 'estrago', 'maior', 'nao', 'acredite', 'qualquer', 'coisa', 'pense']"
2020,"['taniasm', 'allantercalivre', 'obrigadeiroreal', 'virus', 'nao', 'terra', 'plana', 'saude', 'allan', 'tentou', 'lacrar', 'pra', 'cego', 'ver', 'artigo', 'mostra', 'virus', 'menos', 'mortal', 'influenza', 'entanto', 'contagioso', 'potencial', 'estrago', 'maior', 'nao', 'acredite', 'qualquer', 'coisa', 'pense']"
2020,"['alexleal', 'allantercalivre', 'obrigadeiroreal', 'virus', 'nao', 'terra', 'plana', 'saude', 'allan', 'tentou', 'lacrar', 'pra', 'cego', 'ver', 'artigo', 'mostra', 'virus', 'menos', 'mortal', 'influenza', 'entanto', 'contagioso', 'potencial', 'estrago', 'maior', 'nao', 'acredite', 'qualquer', 'coisa', 'pense']"
2020,"['silvamarlenefat', 'allantercalivre', 'obrigadeiroreal', 'virus', 'nao', 'terra', 'plana', 'saude', 'allan', 'tentou', 'lacrar', 'pra', 'cego', 'ver', 'artigo', 'mostra', 'virus', 'menos', 'mortal', 'influenza', 'entanto', 'contagioso', 'potencial', 'estrago', 'maior', 'nao', 'acredite', 'qualquer', 'coisa', 'pense']"
2020,"['betemar', 'allantercalivre', 'obrigadeiroreal', 'virus', 'nao', 'terra', 'plana', 'saude', 'allan', 'tentou', 'lacrar', 'pra', 'cego', 'ver', 'artigo', 'mostra', 'virus', 'menos', 'mortal', 'influenza', 'entanto', 'contagioso', 'potencial', 'estrago', 'maior', 'nao', 'acredite', 'qualquer', 'coisa', 'pense']"
2020,"['maxlavega', 'allantercalivre', 'obrigadeiroreal', 'virus', 'nao', 'terra', 'plana', 'saude', 'allan', 'tentou', 'lacrar', 'pra', 'cego', 'ver', 'artigo', 'mostra', 'virus', 'menos', 'mortal', 'influenza', 'entanto', 'contagioso', 'potencial', 'estrago', 'maior', 'nao', 'acredite', 'qualquer', 'coisa', 'pense']"
2020,"['jisoorare', 'odio', 'mortal', 'atacavam', 'meninas', 'envolvendo', 'polemicas', 'empresa', 'pagava', 'msm', 'moeda', 'vinha', 'mil', 'contas', 'lacrar', 'pra', 'cima', 'mim']"
2020,"['joseilan', 'pra', 'populacao', 'resfriado', 'sim', 'mortes', 'citadas', 'referem', 'idosos', 'eou', 'doenças', 'preexistentes', 'onde', 'qualquer', 'outra', 'gripe', 'tambem', 'pode', 'mortal', 'bora', 'pinçar', 'frase', 'lacrar', 'moda']"
2020,"['ana', 'mcg', 'dan', 'ogut', 'hevertonfutebol', 'nenhuma', 'grosseria', 'ceu', 'azul', 'gente', 'precisa', 'agua', 'limpa', 'pra', 'viver', 'bolsonarista', 'idiota', 'burro', 'gado', 'votaram', 'cara', 'nunca', 'fez', 'nada', 'anos', 'congresso', 'agora', 'apoiam', 'cara', 'tenta', 'lacrar', 'cima', 'virus', 'mortal', 'sao', 'fatos']"
2020,"['fdantasestado', 'serio', 'politicando', 'doença', 'mortal', 'ganhar', 'likes', 'lacrar', 'perdoe', 'vergonha', 'pais', 'atrasado', 'terceiro', 'mundo', 'nao', 'rede', 'publica', 'compativel', 'necessidades', 'embora', 'lula', 'tirado', 'povo', 'miseria']"
2020,"['waygoddes', 'jairbolsonaro', 'martelam', 'diariamente', 'doença', 'mortal', 'presidente', 'idade', 'avançada', 'enchem', 'saco', 'exame', 'semanas', 'algum', 'sinal', 'doente', 'sera', 'cegueira', 'vontade', 'lacrar', 'sao', 'tao', 'imensas', 'assim', 'pra', 'nao', 'enxergar', 'realidade', 'obvia', 'frente', 'nariz']"
2020,"['esquerda', 'nao', 'perde', 'oportunidade', 'pra', 'tentar', 'lacrar', 'contra', 'presidente', 'ate', 'defendendo', 'outrora', 'inimigo', 'mortal', 'ter', 'condenado', 'animalzinho', 'estimaçao', 'luladrao', 'coisa', 'feia', 'esquerda', 'nao', 'precisam', 'ficar', 'lambendo', 'bolas', 'moro', 'tentar', 'subir', 'poder']"
2020,"['biakicis', 'jairbolsonaro', 'moro', 'esquerda', 'nao', 'perde', 'oportunidade', 'pra', 'tentar', 'lacrar', 'contra', 'presidente', 'ate', 'defendendo', 'outrora', 'inimigo', 'mortal', 'ter', 'condenado', 'animalzinho', 'estimaçao', 'luladrao', 'coisa', 'feia', 'esquerda', 'nao', 'precisam', 'ficar', 'lambendo', 'bolas', 'moro', 'tentar', 'subir', 'poder']"
2020,"['bibonunes', 'jairbolsonaro', 'esquerda', 'nao', 'perde', 'oportunidade', 'tentar', 'lacrar', 'contra', 'presidente', 'ate', 'defendendo', 'outrora', 'inimigo', 'mortal', 'ter', 'condenado', 'animalzinho', 'estimaçao', 'luladrao', 'coisa', 'feia', 'esquerda', 'nao', 'precisam', 'ficar', 'lambendo', 'bolas', 'moro', 'tentar', 'subir', 'poder']"
2021,"['baixei', 'sindrome', 'mortal', 'argento', 'acho', 'vou', 'lacrar', 'noite']"
2021,"['botaram', 'tml', 'dei', 'tres', 'mortal', 'pra', 'tras', 'preparei', 'pra', 'lacrar', 'cima', 'feito', 'etaaa', 'susto']"
2021,"['odio', 'mortal', 'dessa', 'turma', 'lacraçao', 'quer', 'lacrar', 'tudo', 'twitter', 'puta', 'rede', 'social', 'foda', 'destruida', 'minoria', 'esdruxula', 'totalmente', 'desprovida', 'inteligencia', 'pessoa', 'simplesmente', 'usa', 'twitter', 'pra', 'casar', 'algo', 'lacrar', 'polemizar']"
2021,"['profissional', 'saude', 'chegasse', 'gente', 'vestida', 'jacare', 'cabeça', 'pes', 'dando', 'cambalhota', 'dando', 'mortal', 'esquevendo', 'sus', 'etc', 'pra', 'lacrar', 'redes', 'simplesmente', 'soltaria', 'seringa', 'iria', 'lanchar']"
2021,"['chegou', 'hora', 'mamacita', 'lacrar', 'mortal', 'kombat']"
2021,"['itzy', 'vai', 'chegar', 'toda', 'performista', 'lacrar', 'yeji', 'chaeryeong', 'vai', 'mortal', 'lia', 'vai', 'meio', 'cantando', 'ryujin', 'mete', 'rasteira', 'vento', 'yuna', 'vai', 'sambar']"
2021,"['cansadex', 'inc', 'amo', 'lacrar', 'lacrar', 'arte', 'paixao', 'lacraçao', 'reles', 'mortal', 'lacrar', 'nao', 'todos', 'todes', 'nao', 'vivo', 'lacrar', 'lacrar', 'aspirar', 'vivenciar', 'ensinar', 'lacre', 'mantem', 'vivo', 'todos', 'dias', 'acordo', 'bom', 'dia', 'lacres']"
2021,"['wholuska', 'kaique', 'vai', 'arrumar', 'merda', 'pra', 'fazer', 'vem', 'falar', 'mulher', 'nao', 'saiu', 'casa', 'auge', 'pandemia', 'fazer', 'fanfic', 'cabeça', 'sobre', 'doença', 'mortal', 'envolvendo', 'bebe', 'quer', 'lacrar', 'falta', 'pica', 'pra', 'falar', 'coisa', 'dessas', 'viu']"
2021,"['consideraçoes', 'finais', 'yennefer', 'vengerberg', 'maior', 'geralt', 'fedorento', 'nao', 'toma', 'banho', 'ciri', 'tadinha', 'sofreu', 'demais', 'kaer', 'morhen', 'lugar', 'meio', 'acabado', 'amei', 'vibe', 'invernal', 'area', 'mortal', 'treinamento', 'terceira', 'temporada', 'vai', 'entregar', 'tudo', 'vai', 'lacrar', 'demais', 'certeza']"
2021,"['carlasv', 'ivetesangalo', 'trevoso', 'poucos', 'dias', 'mansao', 'caminho', 'fazendo', 'santa', 'agora', 'tenta', 'lacrar', 'tanta', 'baixaria', 'mortal', 'sacripanta', 'acha', 'sera', 'esqueceuse', 'passado', 'sujo', 'durante', 'tempo']"
2021,"['dearestpercy', 'sempre', 'achei', 'fico', 'calada', 'sempre', 'falo', 'povo', 'vem', 'lacrar', 'mim', 'levam', 'consideraçao', 'fato', 'defeito', 'mortal', 'lealdade', 'tbm', 'fato', 'percy', 'kinnie', 'grif', 'ent', 'automaticamente', 'tbm']"
2021,"['luquinhanotuite', 'emilyfers', 'aryanebarross', 'ainda', 'nao', 'entendeu', 'assunto', 'nao', 'ninguem', 'falando', 'pandemia', 'quanto', 'virus', 'mortal', 'querendo', 'lacrar', 'nao', 'internet', 'tempo', 'irmao', 'fala', 'sozinho', 'mute']"
2021,"['ultimas', 'duas', 'vagas', 'rebaixamento', 'preenchidas', 'sucesso', 'bahia', 'vai', 'lacrar', 'agora', 'segundona', 'gremio', 'provando', 'mortal', 'vai', 'segunda', 'divisao', 'adorei']"
2021,"['camilladelucas', 'iria', 'milena', 'mortal', 'kombat', 'pra', 'poder', 'lacrar', 'mascara']"
2021,"['bolsonaro', 'comungando', 'pecado', 'mortal', 'pra', 'variar', 'arcebispo', 'usando', 'pulpito', 'lacrar', 'pregar', 'fantasias', 'politicas', 'bregas', 'juventude', 'todo', 'ano', 'lembrete', 'porque', 'brasil', 'pais', 'amaldiçoado']"
2021,"['hauahuahauah', 'gente', 'chun', 'street', 'fighter', 'pessoas', 'sao', 'doentes', 'lacrar', 'pra', 'checar', 'personagem', 'mortal', 'kombat']"
2021,"['leandroruschel', 'coitada', 'tira', 'dentro', 'apenas', 'peçonha', 'mortal', 'faz', 'grande', 'mal', 'mesma', 'querendo', 'lacrar', 'demonstra', 'corre', 'acido', 'veias', 'certamente', 'corroeram', 'completo', 'pobre', 'alma', 'senhor', 'misericordia', 'marilizpj']"
2021,"['zagshehe', 'edsonleal', 'rodrigomattos', 'lacrar', 'querer', 'auxilio', 'emergencial', 'pra', 'todos', 'nao', 'precisarem', 'aglomerar', 'pra', 'trabalhar', 'pra', 'ficarem', 'seguros', 'fome', 'casa', 'enquanto', 'existe', 'virus', 'contagioso', 'mortal', 'circulando', 'matando', 'cada', 'vez', 'lockdown', 'auxilio', 'pra', 'todos', 'vacinaçao', 'massa']"
2021,"['veria', 'foto', 'diria', 'mortal', 'agendar', 'consulta', 'urgente', 'comigo', 'averiguar', 'nao', 'nada', 'daria', 'diagnostico', 'nada', 'tchau', 'gente', 'gosta', 'perder', 'oportunidade', 'ganhar', 'dinheiro', 'lacrar']"
2021,"['pense', 'odio', 'mortal', 'palavra', 'lacrar', 'pense', 'bagulho', 'feio', 'irritante']"
2021,"['gcasaroes', 'quer', 'dizer', 'covid', 'mortal', 'cair', 'aviao', 'vacina', 'voce', 'reduz', 'chance', 'morrer', 'nada', 'disso', 'correto', 'ansia', 'lacrar', 'acabou', 'atrapalhando', 'nao', 'pegaria', 'paraquedas']"
2021,"['manoooo', 'lucas', 'saiu', 'caraaaa', 'odio', 'mortal', 'queria', 'votar', 'voltar', 'todos', 'paredoes', 'lacrar', 'cara', 'dessas', 'malditas', 'filhas', 'puta']"
2021,"['eduardopaes', 'fico', 'impressionado', 'familia', 'bolsonaro', 'tempo', 'moro', 'mortal', 'pra', 'ficar', 'internet', 'besterinhas', 'joguinhos', 'deus', 'gente', 'acha', 'politicos', 'nao', 'podem', 'piorar', 'vem', 'povo', 'pensa', 'lacrar', 'internet', 'falam']"
2021,"['rafaelcroce', 'ritalobo', 'prazer', 'chamo', 'ana', 'carolina', 'nao', 'lacrar', 'bom', 'senso', 'independente', 'qlqr', 'coisa', 'pandemia', 'gastar', 'leite', 'condensado', 'chiclete', 'etc', 'pra', 'disse', 'nao', 'ter', 'dinheiro', 'comprar', 'seringa', 'minimo', 'desumano', 'ano', 'mortal']"
2021,"['anasouz', 'tavasconcellos', 'carol', 'konka', 'tipo', 'falso', 'moralista', 'mesmas', 'caracteristicas', 'lacradores', 'hipocritas', 'tatiana', 'vasconcelos', 'tbm', 'adora', 'lacrar', 'casar', 'regra', 'video', 'radio', 'mascara', 'pecado', 'mortal', 'outra', 'pessoa', 'gente', 'nao', 'esquerda', 'finge', 'apenas']"
2021,"['rogeriomorgado', 'morgado', 'achando', 'ancia', 'lacrar', 'globo', 'acabou', 'fodendo', 'todo', 'movimento', 'lacraçao', 'brasil', 'todo', 'pegou', 'ranço', 'mortal', 'desse', 'tipo', 'gente', 'obrigado', 'bbb']"
2021,"['verhaoart', 'wonbseas', 'msjoohoneybitch', 'lacrar', 'voce', 'rir', 'fundo', 'lacrar', 'tambem', 'ficar', 'olhando', 'cara', 'psicopata', 'mortal', 'enquanto', 'voce', 'cara', 'pessoa', 'lacra', 'bonito']"
2021,"['paulocoelho', 'bem', 'podia', 'usar', 'prestigio', 'onu', 'pedir', 'pra', 'processar', 'china', 'escondeu', 'mundo', 'virus', 'mortal', 'preocupado', 'lacrar']"
2021,"['ligiadeassis', 'sadtasso', 'verdade', 'rafaelcolombo', 'somente', 'papagaio', 'repetindo', 'mesma', 'pergunta', 'dois', 'quiz', 'lacrar', 'ganhou', 'silencio', 'mortal', 'cnndwmitacolombo']"
2021,"['mitags', 'medica', 'deve', 'ouvida', 'conselho', 'etica', 'medicina', 'desfazer', 'estudos', 'colegas', 'vergonha', 'identifica', 'comunistas', 'laçada', 'tentar', 'lacrar', 'outros', 'medicos', 'tudo', 'demonstra', 'conluio', 'odio', 'mortal', 'governo', 'descartada']"
2021,"['carlosbolsonaro', 'nao', 'sei', 'voce', 'burro', 'mal', 'informado', 'quer', 'lacrar', 'cima', 'fake', 'news', 'presta', 'atençao', 'reportagem', 'abaixo']"
2021,"['odio', 'mortal', 'blink', 'usa', 'views', 'coachella', 'pra', 'lacrar', 'anti', 'nao', 'entendi', 'hater']"
2021,"['crfmunich', 'amg', 'porra', 'ofendo', 'max', 'odio', 'mortal', 'nao', 'ajoelhar', 'vei', 'falar', 'nada', 'importa', 'fato', 'nao', 'ajoelharam', 'toda', 'vez', 'alguma', 'coisa', 'certa', 'mania', 'querer', 'lacrar', 'cima', 'desviar', 'totalmente', 'foco', 'vei', 'pqp']"
2021,"['safelouist', 'wailscopy', 'mera', 'mortal', 'ngm', 'vai', 'lacrar']"
2022,"['debbymassa', 'simples', 'mortal', 'erra', 'arrepende', 'nao', 'venha', 'lacrar', 'cambada', 'lunaticos']"
2022,"['nortonrs', 'aisha', 'vida', 'tomei', 'nojo', 'mortal', 'roger', 'waters', 'nao', 'suporto', 'ouvir', 'musicas', 'tolero', 'david', 'guilmour', 'pois', 'ate', 'agora', 'nao', 'lacrou', 'lacrar', 'risco', 'mapa', 'pink', 'floyd', 'vez', 'lixo', 'vem', 'catar', 'migalhas', 'aqui', 'porque', 'nao', 'faz', 'show', 'cuba']"
2022,"['esquerda', 'segue', 'sendo', 'vergonha', 'frente', 'direita', 'brasileira', 'enquanto', 'esquerda', 'toda', 'divide', 'pra', 'lacrar', 'outro', 'direita', 'fortalece', 'pra', 'manter', 'poder', 'ranço', 'mortal', 'esquerda', 'cirandeira', 'piada']"
2022,"['grazielafanitta', 'nikolas', 'mero', 'mortal', 'erroneo', 'falho', 'outro', 'salvador', 'humanidade', 'perfeitos', 'macula', 'parece', 'complicado', 'entender', 'ler', 'escrituras', 'inves', 'lacrar', 'nao', 'passaria', 'vergonha']"
2022,"['pedrocarlossou', 'rafscopel', 'florababylon', 'ariranhita', 'sendo', 'preconceituoso', 'doi', 'ver', 'mera', 'mortal', 'pouco', 'estudo', 'nao', 'cai', 'papo', 'vcs', 'faça', 'trabalho', 'vai', 'esperar', 'papai', 'bolsonaro', 'mandar', 'voce', 'fazer', 'dinheiro', 'use', 'ajudar', 'pessoas', 'vez', 'querer', 'lacrar', 'aqui', 'fofis']"
2022,"['victoriawxp', 'jnrmdo', 'gente', 'pensa', 'nao', 'consegue', 'lacrar', 'vai', 'duplo', 'lacrado', 'mortal']"
2022,"['diana', 'rosianepinheir', 'velhot', 'cara', 'raiden', 'mortal', 'kombat', 'tentando', 'lacrar']"
2022,"['victoranicio', 'spacetoday', 'nao', 'xilique', 'irmao', 'problema', 'nao', 'vida', 'populacao', 'sendo', 'mortal', 'drone', 'voce', 'quer', 'lacrar']"
2022,"['thiagoresiste', 'vamos', 'comemorar', 'estupidez', 'humana', 'estupidez', 'todas', 'naçoes', 'apenas', 'lacrar', 'pode', 'acontecer', 'qualquer', 'mortal', 'vamos', 'festejar']"
2022,"['desmentindobozo', 'procura', 'tratar', 'algum', 'especialista', 'talvez', 'ainda', 'encontre', 'cura', 'doença', 'inveja', 'incuravel', 'destrutiva', 'mortal', 'quanto', 'inveja', 'tenta', 'lacrar', 'derrubar', 'familia', 'bolsonaro', 'cresce', 'milhoes', 'enquanto', 'trate', 'surta']"
2022,"['kerekisifoda', 'preguiça', 'usa', 'serie', 'anos', 'lacrar', 'confesso', 'pecado', 'mortal', 'ter', 'assistido', 'friends', 'duas', 'vezes', 'nao', 'ter', 'achado', 'graça', 'sim', 'sei', 'nao', 'gosta', 'friends', 'gente', 'nao', 'gente']"
2022,"['chriskerwaldt', 'flferronato', 'querendo', 'lacrar', 'area', 'simples', 'mortal', 'sei', 'incentivo', 'artistas', 'investem', 'cultura', 'pode', 'ter', 'ate', 'isençao', 'impostos', 'pessoas', 'empresas', 'coisinhas', 'aivoltando', 'bandido', 'estimaçaoessa', 'lei', 'ajuda', 'artistas', 'elite']"
2022,"['xicograziano', 'cara', 'errado', 'fazendo', 'besta', 'tentando', 'lacrar', 'alguma', 'maneira', 'granada', 'efeito', 'moral', 'nao', 'mortal', 'nao', 'tao', 'dificil', 'conseguir', 'outra', 'coisa', 'ninguem', 'deve', 'explicaçao']"
2022,"['olha', 'comparsas', 'tentando', 'lacrar', 'danaram', 'primeira', 'atitude', 'jairbolsonaro', 'esperavam', 'golpe', 'militar', 'receberam', 'golpe', 'politico', 'mortal', 'tornando', 'jairbolsonaro', 'maior', 'democratico', 'brasil', 'aprendam', 'faz']"
2022,"['danielamercury', 'caetanoveloso', 'deveria', 'ter', 'ido', 'ajudar', 'tirar', 'terra', 'petropolis', 'bahia', 'minas', 'gerais', 'iria', 'sujar', 'maos', 'pes', 'vcs', 'querem', 'aparecer', 'lucrar', 'lacrar', 'talento', 'vai', 'atras', 'precisar', 'governo', 'pra', 'bancar', 'trabalhar', 'igual', 'qualquer', 'mortal']"
2022,"['uilherme', 'cap', 'escoria', 'nao', 'vacina', 'filhos', 'ficar', 'casa', 'qdo', 'doença', 'mortal', 'nao', 'relaçao', 'sair', 'agora', 'todo', 'mundo', 'vacinado', 'nao', 'desenvolve', 'quadro', 'grave', 'doença', 'querendo', 'lacrar', 'irmao']"
2022,"['lacrar', 'deve', 'tipo', 'viciante', 'galera', 'chega', 'nivel', 'lacraçao', 'reles', 'mortal', 'penso', 'nao', 'lacrar', 'nessa', 'situaçao', 'nao', 'pessoas', 'conseguem', 'lacre', 'passe', 'magica', 'tiram', 'lacre', 'cartola', 'facilidade', 'absurda']"
2022,"['terror', 'bruceaqui', 'veja', 'economicoradar', 'tomei', 'odio', 'termo', 'lacrar', 'causa', 'desses', 'cidadaos', 'qualquer', 'pessoa', 'fica', 'contra', 'politica', 'mortal', 'lamaçal', 'pra', 'lacrar']"
2022,"['classifique', 'pet', 'raça', 'especie', 'gay', 'estranha', 'nome', 'klaus', 'beleza', 'inteligencia', 'raiva', 'passa', 'dia', 'lacrando', 'raiva', 'gosta', 'mortal', 'kombat', 'lacrar', 'apelidos', 'carinhosa', 'chamo', 'vida', 'amor', 'vagabunda']"
2022,"['ate', 'joaquim', 'barbosa', 'vai', 'lula', 'porque', 'mera', 'mortal', 'nao', 'posso', 'mudar', 'ideia', 'lacrar', 'outubro', 'adeus', 'rodrigo', 'bolsonaro', 'serial', 'killer']"
2022,"['caracaaaaa', 'quanto', 'amigo', 'maneiro', 'amei', 'perfil', 'cada', 'algoritmo', 'ajudou', 'deu', 'tilt', 'seguidores', 'influencers', 'simples', 'mortal', 'interage', 'maioria', 'aparece', 'nao', 'nasci', 'lacrar']"
2022,"['reikrauss', 'flamengo', 'youtubers', 'ganham', 'dinheiro', 'usando', 'imagem', 'torcida', 'flamengo', 'simples', 'mortal', 'nivel', 'prata', 'acredito', 'valor', 'bem', 'aceitavel', 'vcs', 'querem', 'lacrar', 'tudo', 'tudo', 'flamengo', 'nada', 'flamengo']"
2022,"['carlazambelli', 'muita', 'imbeciliddeou', 'desesperoda', 'esquerda', 'acreditar', 'pesquisade', 'jornal', 'visceralmente', 'contra', 'inimigo', 'mortal', 'presidentepossa', 'dar', 'resultado', 'favor', 'inimigo', 'comummesmo', 'ruas', 'mostrando', 'issoafinalforam', 'pagos', 'peso', 'ouroroubadopra', 'lacrar']"
2022,"['mariabopp', 'quis', 'enfatizar', 'quanto', 'saude', 'publica', 'defasada', 'relaçao', 'tratamentos', 'avançados', 'nao', 'lacrar', 'quanto', 'importa', 'amigo', 'doença', 'mortal', 'nao', 'lacraçao', 'ninguem', 'pedi', 'adquirir', 'doi', 'tipo', 'comentarios', 'gente', 'espalhando', 'odio']"
2022,"['duvida', 'mortal', 'lacrar', 'nao', 'fiestera']"
2022,"['canalflazoeiro', 'pior', 'ontem', 'rafla', 'tentou', 'lacrar', 'tomou', 'contra', 'ataque', 'mortal']"
2022,"['slles', 'camila', 'querem', 'lacrar', 'sao', 'menos', 'mortal', 'bom', 'hates', 'tao', 'flopado']"
2013,"['feitiço', 'pra', 'lacrar', 'perereca', 'dessas', 'puta', 'tudo']"
2014,"['vai', 'lacrar', 'perereca']"
2014,"['agr', 'pra', 'lacrar', 'vou', 'ouvir', 'perereca', 'suicida']"
2014,"['vai', 'wwat', 'representa', 'bem', 'fandom', 'pra', 'lacrar', 'ate', 'perereca', 'daquelas', 'bixa']"
2014,"['imagina', 'demi', 'juntos', 'vai', 'lacrar', 'perereca', 'ate', 'funkeira']"
2014,"['xablau', 'deu', 'mim', 'jeito', 'lacrar', 'perereca', 'askbelieber', 'perereca', 'nao', 'enfeite', 'dar']"
2015,"['ninguem', 'quer', 'perereca', 'vou', 'lacrar', 'dar', 'pros', 'pobres']"
2015,"['myheartbcc', 'voce', 'perereca', 'saltitante', 'jusafada', 'feat', 'perereca', 'saltitante', 'iamos', 'lacrar', 'nessa', 'turne', 'contrata', 'noix', 'justinbieber']"
2015,"['anittascrota', 'anitta', 'lacrar', 'perereca', 'deve', 'parecendo', 'entrada', 'caverna']"
2015,"['liveforcamren', 'vou', 'lacrar', 'perereca', 'superbonder', 'bebe', 'nao', 'pode', 'nao']"
2016,"['jose', 'simao', 'oileoh', 'fazem', 'filhos', 'montes', 'vamos', 'ter', 'sustentar', 'porra', 'lacrar', 'perereca', 'dessas']"
2017,"['jeito', 'naquela', 'pereira', 'perereca', 'lacrar']"
2018,"['homens', 'vcs', 'vontade', 'lacrar', 'perereca', 'super', 'bonder', 'perereca', 'seca', 'tanto', 'vira', 'paçoca']"
2018,"['jqtei', 'ninguem', 'vai', 'lacrar', 'perereca', 'tambem', 'meninas', 'comportarao', 'meninas', 'meninos', 'meninos', 'paz']"
2018,"['cakerotic', 'kefera', 'luisasonza', 'tentativa', 'lacrar', 'pra', 'poder', 'arrumar', 'perereca', 'feminazi', 'heinou', 'pipiu', 'comunista', 'vai', 'saber']"
2018,"['carlosbarbosab', 'encontrofatima', 'thawanyvotri', 'viadinhos', 'piram', 'quero', 'ver', 'lacrar', 'perereca', 'russia']"
2019,"['olegriocarneir', 'beruta', 'prefiro', 'lacrar', 'perereca', 'super', 'bonder', 'transar', 'bolsominion']"
2019,"['carlazambelli', 'ano', 'bosta', 'desse', 'governo', 'apoia', 'espancador', 'mulher', 'afffffffcerta', 'damares', 'onde', 'abstinencia', 'lacrar', 'perereca', 'pra', 'nao', 'engravidar', 'bosta', 'desses', 'melhor', 'caminho', 'taok']"
2020,"['folha', 'ahhhhh', 'poupem', 'agora', 'duas', 'resolveram', 'lacrar', 'perereca', 'formar', 'casal', 'estao', 'dois', 'meses', 'agora', 'querem', 'forçar', 'ridiculas']"
2020,"['hobicore', 'uwu', 'caralho', 'vai', 'tomar', 'aonde', 'começo', 'disso', 'tudo', 'assumiram', 'sexualidade', 'perereca', 'amor', 'deus', 'menina', 'disse', 'jungkook', 'apoiava', 'porra', 'sexualidade', 'voce', 'doida', 'insuportavel', 'vai', 'lacrar', 'casa', 'caralho']"
2020,"['diegohenriqueci', 'fandon', 'boca', 'perereca', 'nao', 'aceita', 'verdade', 'investigada', 'aliciar', 'menores', 'prostituiçao', 'parecem', 'patricinhas', 'mimadas', 'adoram', 'humilhar', 'colega', 'negra', 'escola', 'pra', 'lacrar', 'baba', 'ovo']"
2020,"['lacrar', 'perereca']"
2020,"['realitysocial', 'putaria', 'quenga', 'marcela', 'querendo', 'sentar', 'salsicha', 'gisely', 'nojenta', 'querendo', 'lacrar', 'perereca']"
2020,"['reginarondon', 'porra', 'tammy', 'sapora', 'homem', 'mamae', 'ensinou', 'peru', 'menino', 'perereca', 'menina', 'entao', 'menina', 'pode', 'representar', 'homens', 'nesse', 'caso', 'naturanao', 'poderia', 'ter', 'escolhido', 'pablo', 'vitar', 'melhor', 'naturanao', 'quer', 'lacrar']"
2021,"['roxmo', 'hoje', 'dia', 'ficou', 'facil', 'lacrar', 'toba', 'perereca', 'dois']"
2021,"['skywalker', 'tmm', 'rafaelb', 'pobrecomum', 'folha', 'olhar', 'perfil', 'instagram', 'perfil', 'jovem', 'precisa', 'dar', 'ataque', 'perereca', 'votou', 'cara', 'agora', 'querendo', 'lacrar', 'nao', 'fica', 'tranquilo']"
2021,"['kyoojuro', 'falar', 'dei', 'perereca', 'vao', 'vir', 'varios', 'lacrar']"
2021,"['saci', 'perereca', 'aflorbeige', 'euucharles', 'lyndaetriste', 'vixe', 'anos', 'dou', 'idoso', 'voce', 'reconhece', 'apito', 'foto', 'imagino', 'vida', 'miseravel', 'voce', 'deva', 'levar', 'julgar', 'outros', 'assim', 'preconceito', 'todo', 'justificar', 'video', 'voce', 'julga', 'preconceituoso', 'criar', 'perfil', 'fake', 'lacrar', 'internet']"
2021,"['sascaser', 'lacrar', 'sempre', 'gostou', 'homem', 'velha', 'descobriu', 'gosta', 'perereca', 'conversa', 'fiada']"
2021,"['ilykimsunoo', 'quotes', 'tweet', 'cara', 'elogiou', 'fas', 'perereca', 'querendo', 'lacrar', 'vius', 'foda']"
2021,"['jectorrance', 'jailsonss', 'andrehenning', 'mimimi', 'mauricio', 'correto', 'vai', 'querer', 'lacrar', 'pqp', 'kķk', 'ralaaaaa', 'superman', 'gosta', 'perereca', 'pohaaa', 'mimimi']"
2022,"['dudafernandeez', 'ofcouselara', 'gabsbnelh', 'agora', 'nega', 'pode', 'mandar', 'video', 'perereca', 'pra', 'homem', 'comprometido', 'vitima', 'descansa', 'militante', 'vai', 'lacrar', 'girl', 'power', 'centavos', 'outro', 'lugar', 'chataaaaaa']"
2022,"['thelivery', 'luisaantunes', 'certa', 'mandei', 'lacrar', 'perereca']"
2022,"['renata', 'maltez', 'futurizando', 'partiu', 'lacrar', 'perereca']"
2022,"['diguimgostoso', 'fazer', 'baxassinado', 'pra', 'lacrar', 'perereca', 'dnv']"
2022,"['jornalodia', 'falou', 'bem', 'mora', 'rio', 'sabe', 'sigla', 'cpx', 'pode', 'usada', 'favelas', 'facçao', 'vai', 'bone', 'maloca', 'comando', 'pra', 'ver', 'sai', 'vivo', 'reporter', 'expoes', 'crianca', 'lacrar', 'fez', 'merda', 'agora', 'tendo', 'ataques', 'perereca']"
2022,"['odeio', 'gente', 'escrota', 'nivel', 'faz', 'debochada', 'acha', 'arrasando', 'dentro', 'dança', 'igual', 'perereca', 'perdida', 'festas', 'tenta', 'lacrar', 'todo', 'mundo', 'ainda', 'mal', 'educada']"
2022,"['filhote', 'perereca', 'ainda', 'depende', 'pais', 'pra', 'comprar', 'roupa', 'querendo', 'ter', 'argumento', 'pra', 'cima', 'pessoa', 'vida', 'feita', 'emprego', 'feito', 'primeiro', 'vai', 'limpar', 'xixi', 'cama', 'pra', 'vir', 'querer', 'lacrar']"
2022,"['marcopena', 'cara', 'clubes', 'responder', 'pesquisa', 'espn', 'cada', 'cuide', 'brioco', 'perereca', 'caralho', 'coisa', 'galera', 'pais', 'destroçado', 'estarem', 'querendo', 'lacrar', 'sexualidade']"
2022,"['marigalvao', 'naticianem', 'mulher', 'mundo', 'junino', 'certo', 'nao', 'sao', 'jurados', 'todo', 'ano', 'acho', 'bom', 'fia', 'procurar', 'saber', 'tico', 'antes', 'querer', 'vir', 'lacrar', 'aceita', 'perereca', 'melhor', 'estado']"
2019,"['moondded', 'silenciar', 'mona', 'incomodado', 'silencia', 'sai', 'twitter', 'simples', 'pratico', 'ein', 'bofes', 'querem', 'lacrar', 'frescurite', 'quer', 'atençao', 'peteca']"
2019,"['olavoopressor', 'apoiado', 'juiz', 'rinha', 'galo', 'acho', 'nao', 'vai', 'começar', 'lacrar', 'sociedade', 'protetora', 'animais', 'olavo', 'razao', 'fiscal', 'partida', 'peteca', 'perdeu', 'pagase', 'arrependimento', 'matasse']"
2019,"['veramagalhaes', 'quer', 'defender', 'indio', 'pegue', 'peteca', 'ximbra', 'fica', 'vigia', 'moitas', 'matas', 'verinha', 'discursinho', 'defesa', 'fracos', 'minorias', 'pra', 'querer', 'lacrar', 'pequena', 'parcela', 'ainda', 'acredita', 'nisso', 'jornalismo', 'fraco', 'conteudo']"
2019,"['tuliogadelha', 'namorado', 'fatima', 'enquanto', 'voce', 'perde', 'tempo', 'tentando', 'lacrar', 'pesquisas', 'enganosas', 'deveria', 'estudando', 'melhorar', 'discurso', 'diga', 'passagem', 'fraco', 'caldo', 'peteca']"
2019,"['carloscereto', 'imaginei', 'todos', 'sao', 'livres', 'pra', 'fazer', 'quiserem', 'inclusive', 'comemorar', 'rebaixamento', 'rival', 'liberdade', 'alheia', 'parece', 'algo', 'incomoda', 'vai', 'lacrar', 'campeonato', 'peteca']"
2020,"['bbcbrasil', 'pra', 'voce', 'senador', 'alvarodias', 'daquela', 'operaçao', 'politica', 'chamada', 'lavajato', 'compartilhou', 'publicaçao', 'site', 'fundo', 'quintal', 'falando', 'asneira', 'pra', 'lacrar', 'gado', 'seguidor', 'assim', 'certos', 'politicos', 'tocam', 'eleitor', 'peteca', 'compartilha', 'senador']"
2020,"['roddunshee', 'vagabundo', 'gian', 'oddi', 'desferiu', 'ofensas', 'agora', 'segura', 'peteca', 'processo', 'nele', 'vai', 'lacrar', 'casa', 'caralho', 'vacilao']"
2020,"['mala', 'esquerda', 'direita', 'dia', 'chato', 'demais', 'mano', 'cara', 'querem', 'lacrar', 'nao', 'fala', 'musica', 'futebol', 'campeonato', 'internacional', 'peteca', 'sei', 'politica', 'dia', 'inteiro', 'vai', 'tomar', 'porra', 'humano', 'pouco']"
2021,"['christianjuris', 'henriquedb', 'nunomapl', 'robertinho', 'wan', 'flu', 'andreikampff', 'realmente', 'apenas', 'hater', 'idiota', 'quis', 'lacrar', 'fodeu', 'nao', 'argumentos', 'vai', 'ver', 'peteca', 'cara']"
2022,"['blogdopannunzio', 'cirogomes', 'lulaoficial', 'peteca', 'falando', 'lacrar', 'cumulo', 'lula', 'ganhou', 'eleiçao', 'primeiro', 'turno']"
2022,"['terciotomaz', 'tarcisiogdf', 'hora', 'lacrar', 'querido', 'ministro', 'nao', 'deixa', 'peteca', 'cair', 'fala', 'verdade', 'honesto', 'nao', 'trai']"
2022,"['analuizadenovo', 'queria', 'lacrar', 'maquiagem', 'centavos', 'peteca', 'cabeça', 'apaga', 'ainda', 'tempo', 'vergonha', 'ficar', 'off']"
2022,"['frednavarro', 'respeito', 'joga', 'peteca', 'nao', 'tente', 'lacrar', 'dessa', 'forma', 'valeu', 'pifio', 'comentario', 'comparaçao']"
2014,"['cade', 'ines', 'brasil', 'nessa', 'birosca', 'bbb', 'gente', 'porque', 'lacrar', 'bbb', 'desse', 'ano']"
2014,"['beyonce', 'nao', 'apareceu', 'red', 'carpet', 'certeza', 'vai', 'abrir', 'birosca', 'show', 'lacrar']"
2016,"['vamos', 'lacrar', 'nessa', 'birosca', 'paolabrachoparapresidente']"
2018,"['onde', 'assino', 'nao', 'jeito', 'voce', 'escolhe', 'nao', 'bater', 'palma', 'pro', 'doido', 'vai', 'aparecer', 'iluminado', 'chamando', 'covarde', 'isentao', 'cala', 'concorda', 'outras', 'gentilezas', 'porque', 'lacrar', 'todo', 'mundo', 'ativista', 'lacre', 'uber', 'alles', 'nessa', 'birosca']"
2019,"['rede', 'fast', 'food', 'sempre', 'shopping', 'parada', 'nao', 'sabem', 'separar', 'coisas', 'querem', 'lacrar', 'nao', 'vou', 'dar', 'real', 'naquela', 'birosca', 'inclusive', 'pepsi', 'naquele', 'lugar', 'parece', 'agua', 'suja', 'parece', 'refrigerante', 'boicoteburgerking']"
2019,"['coisas', 'assim', 'fazem', 'achar', 'gringos', 'ricos', 'famosos', 'vem', 'pra', 'pobre', 'quer', 'lacrar', 'mostrando', 'olha', 'humildao', 'birosca', 'pais', 'pobre']"
2019,"['estadao', 'estadaopolitica', 'ate', 'nisso', 'vcs', 'querem', 'lacrar', 'ponto', 'chegou', 'jornalismo', 'brasileiroe', 'vergonha', 'limites', 'olha', 'vcs', 'nao', 'servem', 'pra', 'nadanao', 'diretor', 'jornalismo', 'nessa', 'birosca', 'aideve', 'casa', 'mae', 'joana', 'onde', 'todo', 'mundo', 'faz', 'quer', 'todo', 'dia', 'jogam', 'lixo', 'redes']"
2020,"['anitta', 'gera', 'likes', 'povo', 'ama', 'lacrar', 'cima', 'pois', 'tds', 'sabem', 'relevante', 'meiiiiixmo', 'nessa', 'birosca', 'patroa']"
2020,"['olulaestapreso', 'tomou', 'todas', 'naquela', 'birosca', 'pra', 'casa', 'deu', 'bebida', 'pro', 'pato', 'cumprimentou', 'macaco', 'entrou', 'redes', 'sociais', 'querendo', 'lacrar', 'deu', 'nissorsrs']"
2020,"['pontoreferencia', 'meglicia', 'idem', 'diferença', 'nao', 'filhas', 'graças', 'ceus', 'presidente', 'exercicio', 'dessa', 'birosca', 'faz', 'pra', 'lacrar', 'horda', 'aplaudir', 'pobrema', 'rapaz']"
2020,"['impressionante', 'gente', 'pega', 'anos', 'kishimoto', 'ficou', 'trabalhando', 'nessa', 'birosca', 'manga', 'enfiam', 'rabo', 'pra', 'poder', 'lacrar', 'frente', 'amiguinhos', 'gente', 'melhorem']"
2020,"['burgerkingbr', 'porque', 'fazer', 'direcionada', 'pra', 'minoria', 'mantem', 'birosca', 'funcionando', 'maioria', 'vai', 'lacrar', 'nao', 'vai', 'lucrar']"
2021,"['pioavila', 'inexplicavel', 'rola', 'familia', 'desgraçado', 'quer', 'lacrar', 'dança', 'calcinha', 'birosca', 'desgraça']"
2022,"['pbonoro', 'lacrar', 'lacrado', 'vai', 'fechar', 'birosca', 'viver', 'aposta', 'mil', 'ganhou', 'cara', 'esquece', 'pessoas', 'bem', 'fechados', 'bolsonaro', 'talkey']"
2022,"['birosca', 'festa', 'reggaeton', 'manas', 'vou', 'lacrar', 'tanto']"
2022,"['andromedahhhh', 'sim', 'amor', 'pra', 'lacrar', 'manas', 'birosca']"
2018,"['danilo', 'myfriendchaplin', 'auricleypa', 'gugachacra', 'questao', 'brasileiro', 'nao', 'pacifista', 'lenda', 'caiu', 'terra', 'basta', 'falar', 'grosso', 'vir', 'destemperado', 'arma', 'qdo', 'nao', 'arrumam', 'faca', 'estilete', 'copo', 'vidro', 'importante', 'mitar', 'lacrar', 'vida', 'outros']"
2019,"['gicmps', 'esperando', 'voltarem', 'estilete', 'durepox', 'trancada', 'lab', 'lacrar', 'pedir', 'respeito', 'pergunta', 'perdeu', 'tempo', 'comigo', 'desde', 'inicio', 'interesse', 'opiniao', 'alheia', 'pra', 'lacrar', 'meme']"
2021,"['binder', 'washi', 'tape', 'envelopes', 'sleeves', 'sacos', 'adesivados', 'estilete', 'livro', 'pra', 'embalar', 'fitas', 'pra', 'lacrar', 'envelope', 'canetas', 'coloridas', 'adesivos']"
2021,"['minseokoffee', 'miga', 'gente', 'consegue', 'abrir', 'estilete', 'lacrar', 'novo', 'tremzinhos', 'quente']"
2021,"['comprei', 'blusas', 'short', 'meia', 'calça', 'vestido', 'body', 'sensual', 'trem', 'lacrar', 'alimentos', 'adaptador', 'estilete', 'gatinho', 'reais', 'caro', 'barato']"
2022,"['quero', 'ver', 'falar', 'negro', 'morador', 'favela', 'anos', 'atacou', 'colegas', 'estilete', 'colatina', 'nesse', 'caso', 'nao', 'lacrar']"
2022,"['gilmarmendes', 'dia', 'dia', 'ataque', 'colatina', 'adolescente', 'anos', 'efetuou', 'golpes', 'estilete', 'quatro', 'estudantes', 'nao', 'pra', 'lacrar', 'fazer', 'campanha', 'desarmamento']"
2022,"['juro', 'rolar', 'presepada', 'novo', 'vou', 'mudar', 'agencia', 'vou', 'longe', 'porem', 'nao', 'envio', 'dai', 'tudo', 'bem', 'pedir', 'abrir', 'encomendar', 'agora', 'pegar', 'estilete', 'rasgar', 'laterais', 'toda', 'abertas', 'ainda', 'recusar', 'lacrar', 'novo']"
2022,"['folha', 'ranierbragon', 'verem', 'nivel', 'bolsonarismo', 'pergunta', 'simples', 'resposta', 'idiota', 'finalidade', 'lacrar', 'bolsonarismo', 'ruge', 'leao', 'tamanho', 'rato', 'vamos', 'ficar', 'surpresos', 'tamanho', 'bolsonarismo', 'eleiçoes', 'menor', 'aparenta']"
2013,"['thaylaviana', 'joga', 'charmefaz', 'linha', 'biscate', 'hoje', 'podehahahaha', 'pra', 'lacrar', 'ano']"
2014,"['mineirasdoll', 'vamos', 'lacrar', 'poser', 'amoretudo', 'biscate']"
2014,"['awjathan', 'usa', 'roupa', 'curta', 'biscate', 'usa', 'calcinha', 'fio', 'dental', 'espalha', 'pra', 'tudo', 'mundo', 'mesmonossa', 'lacrar', 'pqp']"
2014,"['justinbiebervemprobrasil', 'sera', 'nova', 'biscate', 'vai', 'lacrar', 'costa', 'novo']"
2014,"['justin', 'quer', 'lacrar', 'lacra', 'entao', 'cala', 'boca', 'biscate', 'emabiggestfansjustinbieber']"
2015,"['allthatcarol', 'biscate', 'boa', 'prova', 'amanha', 'vai', 'lacrar', 'uerj', 'filha']"
2015,"['mozi', 'borges', 'garreiamo', 'bonito', 'tbm', 'qualquer', 'vai', 'lacrar', 'biscate']"
2015,"['shinsantos', 'biscate', 'precisa', 'lacrar', 'noite']"
2018,"['colega', 'tava', 'militando', 'querendo', 'lacrar', 'grupo', 'lancei', 'bonito', 'fulano', 'falando', 'politicas', 'sociais', 'igualdade', 'parece', 'cara', 'dia', 'queria', 'dar', 'tiro', 'pro', 'alto', 'arma', 'outros', 'qualquer', 'momento', 'chama', 'mulher', 'biscate', 'vagabunda']"
2018,"['jornalismowando', 'vai', 'lacrar', 'inferno', 'biscate']"
2019,"['voce', 'vai', 'descer', 'vagao', 'feminino', 'nao', 'chamar', 'segurança', 'period', 'biscate', 'quis', 'fazer', 'showzinho', 'lacrar', 'sim']"
2019,"['portalr', 'suposto', 'imbecil', 'acredita', 'acusaçoes', 'biscate', 'ate', 'advogados', 'perceberam', 'abandonaram', 'caso', 'globolixo', 'quer', 'lacrar', 'cima', 'neymar']"
2019,"['quer', 'lacrar', 'disse', 'verdades', 'quero', 'ver', 'cair', 'dessas', 'neymar', 'pega', 'biscate', 'famosas', 'nao']"
2019,"['marcoela', 'phiillpp', 'exitgarden', 'dexzera', 'pedroivoalmeida', 'cesaramferreira', 'museupano', 'fato', 'pano', 'sera', 'passado', 'neymar', 'estuprador', 'mulher', 'biscate', 'aproveitou', 'cara', 'rico', 'nao', 'buscase', 'verdade', 'apenas', 'lado', 'defender', 'possivel', 'lacrar']"
2020,"['todo', 'reality', 'junta', 'umas', 'biscate', 'sentido', 'nenhum', 'povao', 'abraça', 'defende', 'familia', 'fica', 'cancelando', 'homens', 'jogo', 'vai', 'lacrar', 'casa', 'caralho', 'nego', 'quer', 'militar', 'tudo']"
2020,"['leisabsurdas', 'biscate', 'estudou', 'harvard', 'viveu', 'modelo', 'sucesso', 'americano', 'loco', 'nao', 'aprendeu', 'nada', 'burralda', 'apenas', 'quer', 'lacrar']"
2020,"['danilogentili', 'cretino', 'voce', 'quer', 'lacrar', 'cima', 'situaçao', 'tao', 'delicada', 'nao', 'esquece', 'bandida', 'motivou', 'ida', 'fanaticos', 'porta', 'hospital', 'tutelada', 'candidato', 'voce', 'fez', 'propaganda', 'biscate']"
2020,"['mari', 'estteves', 'biscate', 'burra', 'querer', 'usar', 'conduta', 'pessoal', 'tenta', 'lacrar', 'mulher', 'tbm', 'traisse', 'trair', 'tbm', 'foda', 'vadia', 'burra', 'querer', 'vitimizar', 'tudo', 'certeza', 'mina', 'traida', 'semanas', 'esquece', 'mlk']"
2020,"['koouchiiha', 'jksoserious', 'vai', 'lacrar', 'pqp', 'biscate']"
2020,"['isabeliagomes', 'tellesval', 'luizaambiel', 'originalmirella', 'unicas', 'viram', 'tays', 'aguardando', 'luiza', 'lacrar', 'mirella', 'falando', 'umas', 'verdades', 'oportunista', 'biscate', 'falsa', 'interesseira', 'tays', 'expondo', 'tudo', 'biel', 'afazenda', 'rocaafazenda', 'afazendarecord']"
2020,"['pessoa', 'quer', 'lacrar', 'fica', 'argumento', 'faz', 'bloqueia', 'tarde', 'biscate']"
2020,"['vanessanob', 'alexsbs', 'globoesportecom', 'vai', 'lacrar', 'pqp', 'biscate']"
2020,"['sylviotrujillo', 'suvaco', 'cabeludo', 'gostam', 'nao', 'ficam', 'querendo', 'lacrar', 'questao', 'nao', 'causa', 'participa', 'viu', 'baile', 'funk', 'esquema', 'tudo', 'pic', 'biscate', 'moda', 'ninguem', 'fala']"
2020,"['biscate', 'mano', 'tmb', 'nao', 'concordei', 'video', 'falando', 'sobre', 'imparcialidade', 'sala', 'aula', 'nao', 'dou', 'aula', 'pra', 'aluno', 'lacrar', 'churrasco', 'familia']"
2020,"['profreporter', 'reportezinha', 'biscate', 'mal', 'carater', 'reporter', 'fez', 'teste', 'sofa', 'biscate', 'nao', 'capacidade', 'pra', 'fazer', 'reportagem', 'descente', 'usa', 'engano', 'mentira', 'lacrar', 'biscate']"
2021,"['maior', 'pecadora', 'contra', 'castidade', 'querendo', 'lacrar', 'pra', 'cima', 'gay', 'mulher', 'poupe', 'viu', 'vai', 'converter', 'biscate']"
2021,"['anaclarabaros', 'gellerhome', 'jultnrsx', 'crimesreais', 'tipo', 'biscate', 'vem', 'lacrar', 'comentarios', 'lutando', 'favor', 'igualdade', 'direito', 'vir', 'hipocrita', 'caralho', 'pega', 'morre']"
2021,"['hazzardd', 'hang', 'avisa', 'mana', 'vou', 'lacrar', 'biscate', 'sofrida']"
2021,"['guimaraes', 'sergiothadeus', 'sheisbrighter', 'sheisbrighter', 'chamou', 'biscate', 'posso', 'lacrar', 'cima', 'nao', 'vale', 'tempo']"
2021,"['profpaulamarisa', 'biscate', 'florque', 'fuma', 'bosta', 'corre', 'internet', 'querer', 'lacrar']"
2021,"['biscate', 'rodartgabriela', 'moça', 'deve', 'fazendo', 'inocente', 'pessoa', 'comum', 'ano', 'passado', 'explicou', 'precisou', 'auxilio', 'emergencial', 'varias', 'outras', 'pessoas', 'candidatou', 'pra', 'vereadora', 'eleita', 'assumiu', 'agora', 'janeiro', 'parte', 'disso', 'entendeu', 'importante', 'pra', 'lacrar']"
2021,"['gst', 'guilherme', 'mulher', 'vota', 'favor', 'aumentar', 'carnificina', 'pais', 'vem', 'falar', 'lacrar', 'biscate', 'lehmann', 'pouco', 'preocupando', 'vidas']"
2022,"['osmarpereiraju', 'mariliamilanez', 'carteiroreaca', 'ninguem', 'chamou', 'neta', 'biscate', 'disseram', 'logica', 'jair', 'menina', 'arruma', 'toda', 'puta', 'vale', 'venezuelanas', 'verdade', 'tentou', 'lacrar', 'fake', 'news', 'pedofila']"
2022,"['opilhado', 'resentido', 'con', 'plin', 'plin', 'vou', 'mandado', 'embora', 'querer', 'lacrar', 'biscate', 'presidente', 'cbf']"
2022,"['mente', 'vou', 'lacrar', 'cabeça', 'daquela', 'biscate', 'robotica']"
2022,"['brom', 'elisa', 'biscate', 'veia', 'querendo', 'lacrar']"
2022,"['brom', 'elisa', 'nunca', 'dividiu', 'prato', 'descartavel', 'vida', 'quer', 'lacrar', 'vai', 'tomar', 'biscate', 'desce', 'pereiferia', 'saber', 'comunidade', 'humildade']"
2022,"['damadeferroofic', 'biscate', 'ainda', 'chama', 'jornalista', 'tarcisio', 'humilhala', 'vezes', 'vivo', 'faap', 'outras', 'vezes', 'tentou', 'lacrar', 'cima', 'alguem', 'governo', 'tomou', 'invertida', 'lixo', 'jornalista']"
2022,"['mesma', 'biscate', 'postando', 'marquezine', 'vai', 'posta', 'history', 'gol', 'seleçao', 'neymar', 'pra', 'querer', 'lacrar', 'nao', 'sabe', 'contra', 'vai', 'jogando']"
2022,"['folha', 'pessoas', 'nao', 'entendem', 'nao', 'nada', 'sim', 'narraçao', 'narrar', 'futebol', 'feminino', 'ruim', 'emoçao', 'igual', 'narraçao', 'rede', 'esgoto', 'querendo', 'lacrar', 'comecou', 'vestimenta', 'biscate', 'apresentadora', 'debora', 'secco', 'show', 'horrores']"
2022,"['renata', 'mendonca', 'rascismo', 'aonde', 'filha', 'puta', 'lacrar', 'putaqueupariu', 'biscate']"
2022,"['gatinha', 'achando', 'lacrar', 'cima', 'papacito', 'arthur', 'fodeu', 'biscate', 'bem', 'feito']"
2022,"['fazer', 'comentario', 'sobre', 'euphoria', 'preferi', 'ficar', 'calada', 'biscate', 'sedenta', 'pra', 'lacrar', 'nao', 'vou', 'dar', 'motivo']"
2022,"['vejo', 'posts', 'penso', 'tai', 'biscate', 'adoraria', 'lacrar', 'zuar', 'junto', 'vamos', 'amiges']"
2022,"['kenmiies', 'biscate', 'querendo', 'liçao', 'igreja', 'cristo', 'apaporraninguem', 'tenta', 'lacrar', 'mesquita', 'terreiro', 'macumbe', 'sempre', 'igreja']"
2022,"['vicedobolso', 'marifeminista', 'joaquinteixeira', 'ninguem', 'direito', 'tocar', 'nela', 'certofeminismoai', 'amiga', 'vamos', 'priorizar', 'vergonha', 'cara', 'respeito', 'mesmaem', 'meio', 'multidao', 'bebados', 'drogados', 'tava', 'esperando', 'escrever', 'bunda', 'biscate', 'escreve', 'logo', 'ataca', 'porque', 'preciso', 'lacrar']"
2022,"['acho', 'engraçado', 'nego', 'tentando', 'lacrar', 'exemplos', 'tipo', 'goleiro', 'bruno', 'apoia', 'bolsonaro', 'irmao', 'pcc', 'apoia', 'lula', 'fucking', 'pcc', 'fala', 'nada', 'exemplos', 'merda', 'gente', 'merda', 'todos', 'lados', 'babaquice']"
2022,"['venecasagrande', 'diego', 'tirou', 'marinho', 'dali', 'porque', 'goleiro', 'deiverson', 'falando', 'besteira', 'pra', 'reclama', 'jogador', 'faz', 'algo', 'contra', 'jornalista', 'tentando', 'lacrar', 'cima', 'cara']"
2022,"['amigos', 'hoje', 'lacrar', 'handball', 'fazer', 'milhao', 'gols', 'time', 'tava', 'jogando', 'melhor', 'outro', 'soq', 'melhor', 'goleiro', 'mundo', 'injusto', 'senti', 'palmeiras', 'sao', 'paulo', 'ontem']"
2022,"['nadanovonofront', 'marcos', 'goleiro', 'palmeiras', 'ainda', 'tentar', 'lacrar', 'post', 'rai', 'players', 'tirbune', 'palmeirense', 'sofre']"
2022,"['agno', 'vasco', 'rmpoficial', 'flamengo', 'culpa', 'goleiro', 'nao', 'time', 'inteiro', 'tecnico', 'vai', 'lacrar', 'cima', 'outro', 'bom', 'diego', 'frangava', 'todo', 'jogo']"
2022,"['cara', 'novo', 'lacrar', 'levantou', 'bola', 'pro', 'lula', 'futebol', 'areia', 'goleiro']"
2022,"['lucsf', 'crvgdadecepcao', 'olha', 'goleiro', 'procurando', 'bola', 'apos', 'chute', 'cara', 'problema', 'visao', 'viu', 'parte', 'interessa', 'queimar', 'jogador', 'lacrar', 'rede', 'social']"
2022,"['tony', 'starbucks', 'claro', 'grohe', 'melhor', 'goleiro', 'campeonato', 'dois', 'ultimos', 'anos', 'raras', 'lesoes', 'jogando', 'quase', 'totalidade', 'jogos', 'claro', 'melhor', 'lacrar', 'tentar', 'pesquisar']"
2022,"['fico', 'imaginando', 'tristeza', 'estagiario', 'globo', 'escrever', 'noticia', 'parabens', 'goleiro', 'capitao', 'frances', 'respeitar', 'cultura', 'identidade', 'catar', 'inves', 'lacrar', 'exibindo', 'faixa', 'apoio', 'movimento', 'totalmente', 'contrario', 'principios', 'pais']"
2022,"['jhonata', 'urss', 'siteptbr', 'guilherme', 'padua', 'flor', 'lis', 'jairinho', 'goleiro', 'bruno', 'neymar', 'roberto', 'jeferson', 'queiroz', 'anderson', 'nobrega', 'todos', 'nao', 'fazem', 'fazem', 'arminha', 'taokey', 'quer', 'lacrar', 'lacra', 'certo']"
2022,"['ortolan', 'parabens', 'gol', 'perdido', 'goleiro', 'lacrar', 'sabe', 'recurso', 'faltando']"
2022,"['arthurmoledoval', 'conheço', 'perdeu', 'mandato', 'nao', 'ganha', 'pra', 'sindico', 'predio', 'acabou', 'noivado', 'hoje', 'quer', 'lacrar', 'internet', 'nao', 'moral', 'pra', 'nada', 'naipe', 'goleiro', 'bruno']"
2022,"['gigizinha', 'felipeneto', 'pega', 'trapos', 'vai', 'virar', 'garanto', 'celular', 'querendo', 'lacrar', 'redes', 'papai', 'pagou', 'acha', 'nao', 'bom', 'casa', 'sustenta', 'vai', 'pedir', 'abrigo', 'pro', 'goleiro', 'quarentena']"
2022,"['diogoranzani', 'flamengo', 'atletico', 'corinthians', 'sempre', 'assim', 'diogoranzani', 'ahe', 'torcedores', 'dizem', 'corintianos', 'tambemontem', 'varios', 'falaram', 'monte', 'goleiro', 'iriamos', 'jogar', 'menos', 'ruim', 'aquiloagora', 'estao', 'escondidostudo', 'querendo', 'lacrar', 'conhecer', 'time']"
2022,"['marixcrf', 'comb', 'coe', 'canalflazoeiro', 'assassino', 'goleiro', 'bruno', 'voce', 'precisa', 'informar', 'antes', 'falar', 'merda', 'tentar', 'lacrar', 'rede', 'social', 'video', 'mensagem', 'pra', 'voce']"
2022,"['newsflamengo', 'comentario', 'lacrar', 'querer', 'polemizar', 'estilo', 'geraçao', 'video', 'game', 'criado', 'nao', 'podia', 'sair', 'casa', 'goleiro', 'pequena', 'area', 'intocavel', 'cara', 'desloca', 'saida']"
2022,"['ruelrenata', 'nao', 'sei', 'comentario', 'tendencioso', 'açao', 'bloqueio', 'nitida', 'saida', 'goleiro', 'regra', 'falta', 'portanto', 'quis', 'lacrar', 'cima', 'narrativa', 'equivocada', 'disse', 'tendenciosa']"
2022,"['gabriel', 'voi', 'ogabrielsa', 'duvido', 'mtos', 'mtos', 'querem', 'lacrar', 'nao', 'xingaram', 'cara', 'ainda', 'goleiro', 'torcedor', 'paixao', 'total', 'paixao', 'todo', 'direito', 'ficar', 'puto', 'frustrado', 'anos', 'anos', 'frustraçoes', 'humilhaçoes', 'dentro', 'campo', 'mesmos', 'gastam', 'socio', 'torcedor']"
2022,"['lucasbuenoadams', 'aposentou', 'goleiro', 'agora', 'treinador', 'ninguem', 'questionando', 'historia', 'goleiro', 'sim', 'treinador', 'entao', 'querer', 'lacrar', 'vai', 'tomar', 'vergonha', 'cara']"
2022,"['patycastro', 'monark', 'ladrao', 'dedos', 'provas', 'goleiro', 'bruno', 'condenado', 'qualquer', 'crime', 'ate', 'assassinato', 'nao', 'tenta', 'lacrar', 'lado', 'inocente', 'nunca', 'sera', 'corrompeu', 'aparelhou', 'judiciario', 'acho', 'precisa', 'ler', 'tambem', 'crimes', 'investigado', 'condenado']"
2022,"['bahia', 'total', 'respeito', 'idolo', 'prq', 'grande', 'goleiro', 'profissional', 'nunca', 'usou', 'use', 'opçao', 'vitimasar', 'lacrar']"
2022,"['soccergremio', 'goleiro', 'chama', 'gol', 'laterais', 'sao', 'fracos', 'zaga', 'geromel', 'salva', 'meio', 'campo', 'patetico', 'ataque', 'fraco', 'piores', 'historia', 'treinador', 'quer', 'lacrar', 'this', 'gremio']"
2022,"['cafecendo', 'achei', 'goleiro', 'preto', 'agora', 'verde', 'tava', 'vendo', 'errado', 'vou', 'usar', 'argumentos', 'pra', 'lacrar']"
2022,"['goleiro', 'argentina', 'cabelo', 'pintado', 'fez', 'dancinha', 'quis', 'lacrar', 'lacrou', 'errado']"
2022,"['dayanasp', 'danilogentili', 'caralho', 'tanto', 'tesao', 'lacrar', 'problema', 'ate', 'gingado', 'normal', 'goleiro', 'antes', 'cobrança', 'penalti', 'pqp']"
2022,"['joaquinteixeira', 'baba', 'ovo', 'mbappe', 'goleiro', 'feito', 'taça', 'copa', 'america', 'pesquisa', 'antes', 'lacrar']"
2022,"['andrehenning', 'vai', 'torcer', 'pra', 'goleiro', 'cabelo', 'pintado', 'faz', 'dancinha', 'esqueci', 'queria', 'lacrar', 'derrota', 'brasil', 'msm', 'hipocrita']"
2022,"['vgammaross', 'alisson', 'considerado', 'internacionalmente', 'melhor', 'goleiro', 'mundo', 'verificado', 'caçalike', 'acha', 'legal', 'aproveitar', 'ignorancia', 'torcedor', 'copa', 'mundo', 'pra', 'tentar', 'lacrar', 'cima', 'cara', 'bonito', 'ver', 'surra', 'levando', 'inclusive', 'videos', 'comentarios']"
2022,"['guganoblat', 'ateu', 'querendo', 'lacrar', 'sobre', 'nao', 'divino', 'goleiro', 'bruno', 'querer', 'falar', 'sobre', 'direitos', 'mulher', 'enxerga', 'capacho', 'bandido']"
2022,"['crazycupcake', 'leo', 'vilela', 'yhsv', 'jeferso', 'juanalberti', 'liversperado', 'janning', 'thiago', 'ranierisenna', 'vgammaross', 'olhar', 'jogada', 'gol', 'croacia', 'culpa', 'time', 'atacando', 'desorganizado', 'levar', 'contra', 'ataque', 'gol', 'bola', 'desviou', 'mudou', 'tragetoria', 'bola', 'criança', 'anos', 'sabe', 'disso', 'mano', 'caras', 'querem', 'lacrar', 'cima', 'goleiro']"
2022,"['bom', 'goleiro', 'entao', 'lacrar']"
2022,"['andrehenning', 'militante', 'quer', 'lacrar', 'tanto', 'perde', 'personagem', 'pra', 'ficar', 'exemplo', 'simples', 'goleiro', 'argentina', 'tava', 'desenho', 'cabelo', 'fez', 'dancinha', 'pegou', 'segundo', 'penalti', 'contra', 'holandadeixa', 'chato']"
2022,"['paposfut', 'criaram', 'narrativa', 'falaciosa', 'pra', 'lacrar', 'time', 'argentina', 'nao', 'comeu', 'carne', 'ouro', 'nao', 'pinta', 'cabelo', 'sendo', 'goleiro', 'argentina', 'pintou', 'cabelo']"
2022,"['fancaa', 'rafaelmayer', 'bayerngaiaxy', 'ransport', 'bom', 'goleiro', 'gigante', 'salva', 'time', 'todo', 'mundo', 'falhou', 'neuer', 'pessoa', 'defesa', 'falhou', 'algumas', 'vezes', 'agora', 'preocupado', 'lacrar']"
2022,"['christianbaeta', 'baseado', 'jogador', 'seleçao', 'destaque', 'premier', 'league', 'passa', 'vergonha', 'duas', 'copas', 'super', 'goleiro', 'tbm', 'querendo', 'lacrar', 'comentario']"
2022,"['ladyfzabel', 'rafaelmayer', 'bayerngaiaxy', 'ransport', 'lacrar', 'cara', 'apoiando', 'direitos', 'humanosos', 'direitos', 'pessoas', 'escolherem', 'lacrar', 'pensando', 'goleiro', 'noe', 'fraco', 'bvb', 'falha', 'neuer', 'levar', 'parte', 'culpa']"
2022,"['vessoni', 'nao', 'viu', 'lance', 'dividida', 'goleiro', 'deus', 'focasse', 'trabalho', 'menos', 'lacrar', 'sabe']"
2022,"['fernandinhaleao', 'sabe', 'onde', 'fica', 'goleiro', 'quer', 'lacrar', 'vai', 'pentear', 'leao', 'mocreia']"
2022,"['fabriciobmota', 'carlacartas', 'lacrar', 'caraio', 'cara', 'fez', 'gol', 'voleio', 'levantando', 'bola', 'toto', 'sozinho', 'comecou', 'jogada', 'goleiro', 'lah', 'atras']"
2022,"['profpaulamarisa', 'adora', 'lacrar', 'fazendo', 'gol', 'proprio', 'goleiro', 'fim', 'jogo', 'extrema', 'esquerda', 'nao', 'vai', 'pautar', 'direitaforteunida']"
2022,"['gugachacra', 'guga', 'boa', 'completar', 'levaria', 'caciogoleiro', 'corinthians', 'acho', 'iamos', 'lacrar']"
2022,"['coisa', 'chata', 'transmissao', 'sportv', 'ain', 'goleiro', 'alemao', 'vai', 'entrar', 'braçadeira', 'arco', 'iris', 'manifestaçao', 'seleçao', 'nao', 'mostrada', 'assistindo', 'quer', 'ver', 'futrbol', 'pensam', 'lacrar', 'chatos', 'pra', 'kcte']"
2022,"['sportv', 'everaldo', 'boa', 'hein', 'querendo', 'lacrar', 'estoria', 'braçadeira', 'gay', 'goleiro', 'alemao', 'quereria', 'desafiar', 'religiao', 'islamica', 'usasse', 'braçadeira', 'suastica', 'israel', 'vamos', 'ater', 'futebol', 'senhoras', 'senhores', 'lacraçao', 'nao']"
2022,"['flamengariano', 'escroto', 'doente', 'luiz', 'roberto', 'querendo', 'lacrar', 'criando', 'bordoes', 'quero', 'gritar', 'gollindos', 'olhos', 'azuisdo', 'goleiro', 'polonia']"
2022,"['eroliveira', 'nao', 'alias', 'fazer', 'bom', 'negocio', 'nao', 'sao', 'paulo', 'atualmente', 'goleiro', 'dessa', 'idade', 'vir', 'salario', 'faltou', 'mandar', 'luan', 'pra', 'pra', 'lacrar', 'caixao']"
2022,"['bons', 'profissionais', 'passam', 'longe', 'clube', 'parece', 'servimos', 'tecnico', 'hexa', 'seleçao', 'goleiro', 'maior', 'historia', 'clube', 'lateral', 'copa', 'vontade', 'lacrar', 'cima', 'corinthians', 'viu']"
2022,"['fdskamy', 'felipem', 'neymarjr', 'eita', 'pega', 'textinho', 'memes', 'pronto', 'taca', 'tentando', 'lacrar', 'fez', 'gol', 'falta', 'sim', 'ainda', 'goleiro', 'facilitou', 'pronto', 'falei', 'richarlyson', 'jogou', 'ainda', 'humilde']"
2022,"['eugenioleal', 'puts', 'agora', 'quer', 'lacrar', 'cara', 'ter', 'trocado', 'goleirooutra', 'chance', 'todos', 'joguem', 'outra', 'goleiro', 'jogador', 'todos', 'outros']"
2022,"['fibonacci', 'leyakaroline', 'choquei', 'quiseram', 'lacrar', 'afirmando', 'gol', 'feito', 'qualquer', 'forma', 'postaram', 'antes', 'goleiro', 'pegou', 'chute', 'messi', 'apagaram']"
2022,"['lancenet', 'goleiro', 'copa', 'mundo', 'masculina', 'vcs', 'estao', 'tao', 'preocupados', 'lacrar', 'colocar', 'mulheres', 'pra', 'narrar', 'comentar', 'estao', 'errando', 'texto', 'vcs']"
2022,"['ailthonmelo', 'oficialsala', 'antes', 'lacrar', 'veja', 'jogo', 'kudus', 'tempo', 'espera', 'contato', 'goleiro', 'deram', 'penalti', 'cavani', 'nesse', 'lance', 'espera', 'contato', 'revisado']"
2017,"['prima', 'anos', 'querendo', 'lacrar', 'insta']"
2017,"['aaa', 'nao', 'pra', 'lacrar', 'nesse', 'casamento', 'prima', 'adriele', 'vou']"
2017,"['prima', 'vamos', 'lacrar', 'fest', 'luana', 'mano']"
2017,"['festa', 'anos', 'prima', 'vou', 'cansada', 'quero', 'descansada', 'pra', 'lacrar', 'amanha']"
2017,"['primeira', 'vez', 'aqui', 'casa', 'piscina', 'prima', 'parece', 'amorzinho', 'fotos', 'lacrar', 'poderosa']"
2017,"['isabelle', 'prima', 'amanha', 'roupa', 'vai', 'lacrar', 'viado', 'isabelle', 'boy', 'pegar', 'vai', 'gamar', 'pqp', 'karrasa', 'isabelly']"
2017,"['chegando', 'fim', 'correçao', 'relatorios', 'pitchingdobruno', 'sinto', 'falta', 'loglines', 'poderosos', 'objetivos', 'periodo', 'vem', 'vou', 'instruir', 'melhor', 'voces', 'precisam', 'lacrar', 'prima']"
2017,"['prima', 'betao', 'querendo', 'lacrar', 'deixa', 'betao', 'ver', 'lacre']"
2017,"['aproveita', 'ainda', 'natal', 'vassourada', 'costas', 'primoprima', 'gosta', 'lacrar', 'internet']"
2017,"['desculpem', 'odeio', 'tipos', 'pessoas', 'querem', 'lacrar', 'tempo', 'todo', 'prima', 'ficou', 'tao', 'chata', 'sendo', 'incoveniente', 'assunto', 'nao', 'evolve', 'intromete', 'ter', 'oportunidade', 'escracha', 'alguem']"
2017,"['olha', 'achei', 'obraprima', 'irreparavel', 'muitos', 'dizem', 'star', 'wars', 'star', 'wars', 'nao', 'pra', 'lacrar', 'lançava']"
2017,"['faesa', 'esperando', 'prima', 'lacrar', 'defesa', 'tcc', 'sobre', 'estatuto', 'familia', 'direito', 'adoçao', 'conjunta', 'unioes', 'igualitarias']"
